title,writer,publisher,price
İngilizce Bulmacalarla Kahve Molası -1, Alev Yıldırım,KARBON KİTAPLAR," 46,80"
Türk Dili Tarihi & Metin Tahlilleri,Dr.  Kuban   Seçkin,KİTAPYURDU DOĞRUDAN YAYINCILIK (KDY)," 255,10"
Arapçayı Öğreten Kitap,Prof. Dr. Mehmet Maksutoğlu,AKDEM YAYINLARI," 30,10"
Peter Pan (İngilizce -Türkçe Karşılıklı Hikayeler), Metin Gökçe,DORLİON YAYINEVİ," 162,00"
Arapça Dilbilgisi (Nahiv Bilgisi),Dr. Şener Şahin,ALFA YAYINLARI," 30,40"
Kur’an’ı Anlamak İçin Arapça,Prof. Dr. Hüseyin Günday,TUVA YAYINCILIK," 30,10"
Grimm Tales / Stage 1 (İngilizce Hikaye),Dr. Alp Bayraktar,DORLİON YAYINEVİ," 30,10"
The Children Of The New Forest (İngilizce - Türkçe Karşılıklı Hikayeler), Erhan Kaya,DORLİON YAYINEVİ," 135,00"
Çözümlü Adım Adım Arapça YDS, Murat Reis,MEKTEP YAYINLARI," 30,10"
Tom Sawyer (İngilizce - Türkçe Karşılıklı Hikayeler), Grimm Brothers,DORLİON YAYINEVİ," 36,40"
El Principito (İspanyolca-Türkçe Sözlüklü Küçük Prens), Metin Gökçe,KARBON KİTAPLAR," 30,10"
Fisherman / Stage 2 (İngilizce Hikaye), Basel Swed,DORLİON YAYINEVİ," 30,10"
El Gato Con Botas / İspanyolca Hikayeler Seviye 1, Metin Gökçe,DORLİON YAYINEVİ," 38,00"
Farsça Modern Öğretim Seti Birinci Kitap, Antoine De Saint Exupery,DEMAVEND YAYINLARI," 18,00"
Little Women / Stage-5 (CD'siz) (İngilizce Hikaye), Oscar Wilde,KAPADOKYA KİTABEVİ," 75,60"
Osmanlıca El Kitabı 2 & Osmanlıca Metinlerin Çevriyazısı ve Tıpkıbasımlar, Charles Perrault,YEDİTEPE YAYINEVİ," 45,50"
Yorum Teorisi & Söylem ve Artı Anlam,Dr. Ehsan Ghabool,PİNHAN YAYINCILIK," 35,00"
Farsça Basın Dili & Metinler - Alıştırmalar - Sözlük, Louisa May Alcott,DEMAVEND YAYINLARI," 26,60"
Türkçe Çevirileriyle Birlikte Farsça Hikayeler (Orta Seviye), Şinasi Tekin,DEMAVEND YAYINLARI," 45,50"
Farsça Modern Öğretim Seti Üçüncü Kitap,Dr. Ehsan Ghabool,DEMAVEND YAYINLARI," 38,00"
Korece Kelime Kitabı & Başlangıç Seviyesi TOPIK I Kelimeleri (Seviye 1), Ender Çağlar Uçak,KUTLU YAYINEVİ," 109,44"
Des Kaisers Neue Kleider (İmparator´Un Yeni Giysileri) Almanca Türkçe Bakışımlı Hikayeler, Kolektif ,DORLİON YAYINEVİ," 30,10"
Farsça Modern Öğretim Seti İkinci Kitap,Dr. Ehsan Ghabool,DEMAVEND YAYINLARI," 38,00"
Göktürkçe Öğreniyorum & Herkes İçin Göktürkçe Dersleri, Gökbey Uluç,KUTLU YAYINEVİ," 74,88"
Miftahu'l Arabiyye Alt Orta Seviyesi (Konuşma ve Dinleme), Ahmed Al- Ruhban ,AKDEM YAYINLARI," 180,00"
Der Schweinehirt (Domuz Çobanı) Almanca Türkçe Bakışımlı Hikayeler, Rawiya Al Muhanni  ,DORLİON YAYINEVİ," 30,10"
İngilizce Bulmacalarla Kahve Molası Set (3 Kitap),Öğr. Gör. Mu’tasım Hamad ,KARBON KİTAPLAR," 108,51"
Cennet Bahçesi / Fransızca Hikayeler Seviye 1, Kolektif ,DORLİON YAYINEVİ," 30,10"
La Bella Durmiente Del Bosque / İspanyolca Hikayeler Seviye 1, Alev Yıldırım,DORLİON YAYINEVİ," 30,10"
Farsça Modern Öğretim Seti Dördüncü Kitap (Kitap+Cd), Mustafa Yaşar,DEMAVEND YAYINLARI," 38,00"
Yunanca Dil Kartları, Yuliya Yaşar,DELTA KÜLTÜR YAYINEVİ," 32,34"
İngilizce Bulmacalarla Kahve Molası - 3, Charles Perrault,KARBON KİTAPLAR," 36,50"
Die Teekanne (Çaydanlık) Almanca Türkçe Bakışımlı Hikayeler,Dr. Ehsan Ghabool,DORLİON YAYINEVİ," 30,10"
Captan Burle / Stage 2 (İngilizce Hikaye), Alev Yıldırım,DORLİON YAYINEVİ," 30,10"
İlk Adım Arapça Yazı Defteri, Kolektif ,ENSAR NEŞRİYAT," 46,20"
Osmanlıca Dersleri-2, Emile Zola,AKÇAĞ YAYINLARI," 128,00"
YDS Almanca Dil Bilgisi Soru Bankası, Abdullah Özer,PELİKAN YAYINLARI," 97,50"
Osmanlıca Okuma Yazma Rehberi,Prof. Dr. Yılmaz Kurt,KİTAP DÜNYASI," 47,58"
Yeni Başlayanlar İçin Arapçayı Sevdiren Kitap 1, Rahim  Şentürk,EMİN YAYINLARI," 138,75"
Farsça Öğrenim Seti 1 (Seviye-Başlangıç-Üç Damla Kan), Sadık Hidayet,SAY YAYINLARI," 23,40"
İngilizce Kalıcı Kelime Öğrenme Yöntemi, İbrahim Durgut,PELİKAN YAYINLARI," 198,00"
Osmanlı Türkçesi Rehberi & Başlangıç ve İleri Seviye, Orhan Sakin,YEDİTEPE YAYINEVİ," 84,24"
Robinson Crusoe (Robinson Crusoe) Fransızca Türkçe Bakışımlı Hikayeler, Daniel Defoe,DORLİON YAYINEVİ," 30,10"
The School Holidays & 2. Stage (CD'siz) (İngilizce Hikaye ), Sharon Hurst,KAPADOKYA KİTABEVİ," 16,80"
Kolay Osmanlıca Metinleri -2, Ahmet Fatih Tura,YASİN YAYINEVİ," 60,00"
Korece Gezi ve Konuşma Rehberi, Mustafa Köseoğlu,DELTA KÜLTÜR YAYINEVİ," 49,10"
Yoğun Metodla İspanyolca, Derya Çelik Işık,İNKILAP KİTABEVİ," 279,00"
Wunderschön / Seviye 3 (Almanca Hikaye), İnci Kut,KAPADOKYA KİTABEVİ," 18,00"
Riccidoro E I Tre Orsi (Küçük Kız İle Üç Ayı) / İtalyanca Hikayeler Seviye 1, Hans Christian Andersen,DORLİON YAYINEVİ," 30,10"
Korece Kelime Kitabı – Başlangıç Seviyesi TOPIK I Kelimeleri (Seviye 2), Fratelli Grimm,KUTLU YAYINEVİ," 78,88"
Le Roi Qui Mangeait Trop / Seviye 1 (Fransızca Hikaye), Ender Çağlar Uçak,KAPADOKYA KİTABEVİ," 18,00"
İngilizce Okuduğunu Anlama Rehberi, Vanessa Pageot,SİYASAL KİTABEVİ - HAZIRLIK," 142,80"
Arapça Dilbilgisi Sarf-Nahiv, İ. Hakkı Mirici,AKDEM YAYINLARI," 200,00"
Farsça Dilbilgisi, Mehmet Şahin,BİLGE KÜLTÜR SANAT," 49,10"
İngilizce Bulmacalarla Kahve Molası - 2, Kenan Dikilitaş,KARBON KİTAPLAR," 36,00"
Türkçe Çevirileriyle Arapça Seçme Hikayeler 2,Prof. Dr. Mehmet Maksutoğlu,AKDEM YAYINLARI," 118,80"
Tavşan ve Kirpi (Rusça Hikaye) / Seviye 1,Prof. Dr. Mürsel Öztürk,KAPADOKYA KİTABEVİ," 17,99"
Tolstoy-Kısa Hikayeler (Rusça Hikaye) / Seviye 1, Alev Yıldırım,KAPADOKYA KİTABEVİ," 16,80"
Aksamı Seba Temelinde Arapça Fiil Çekimleri, Erkan Afşar,RAĞBET YAYINLARI," 68,75"
Los Ninos Del Bosque Nuevo (Yeni Ormanın Çocukları) İspanyolca Türkçe Bakışımlı Hikayeler, Metin Gökçe,DORLİON YAYINEVİ," 30,10"
Çıplak Kral / Fransızca Hikayeler Seviye 1, Mustafa Yaşar,DORLİON YAYINEVİ," 30,10"
Kur'an-ı Kerim'deki Bütün Kelime Çözümleriyle Bina, Yuliya Yaşar,KİTAP KALBİ YAYINCILIK," 225,00"
Pride And Prejudice / Stage-5 (CD'siz) (İngilizce Hikaye), Zehra Seven,KAPADOKYA KİTABEVİ," 18,00"
Aslan ve Köpek (Tolstoy) (Rusça Hikaye) / Seviye 2, Jane Austen,KAPADOKYA KİTABEVİ," 18,00"
Arapça Grameri Temel Sarf Bilgileri, Olga Tarasova,RAĞBET YAYINLARI," 79,06"
Arapça 101 / Arapça Yaygın Kelime ve İfadeler Kitabı, Yusuf Çiftçi,MUARRIB," 66,50"
La Chasse Aux Oeufs De Paques Seviye 1 (Fransızca Hikaye ), Enes Balı,KAPADOKYA KİTABEVİ," 16,80"
Türkçe - Almanca Konuşma ve Seyahat Rehberi, Vanessa Pageot,LANGENSCHEİDT YAYINLARI," 142,50"
Almanca Dilbilgisi Türkçe Açıklamalı, Metin Gökçe,DORLİON YAYINEVİ," 140,00"
Pratik Romence Konuşma Kılavuzu, Sabri Yarmalı,ALFA YAYINLARI," 23,04"
Yavrumun Elifbası (Okuma Yazma Rehberi), Heyet ,FAZİLET NEŞRİYAT," 13,44"
Arapça'da Harf-i Cerli Fiiller,Dr. Dursun Eşsiz,EMİN YAYINLARI," 140,63"
Dil ve Duygular & Korece Duygu Sözcükleri Analizi, Hakan Zengin,NOBEL BİLİMSEL," 85,00"
Türkçe Arabistan Lehçesi Fasih Arapça ve Pratik Konuşma Kitabı (Cep Boy), Mustafa Yaşar,CORAL DAĞITIM," 68,88"
Kibritçi Kız - La Petite Fille Aux Allumettes / Fransızca Hikayeler Seviye 1, Yuliya Yaşar,DORLİON YAYINEVİ," 30,10"
She Wolf / Stage 2 (İngilizce Hikaye), Hector H. Munro,DORLİON YAYINEVİ," 30,10"
A Shoemaker / Stage 3 (İngilizce Hikaye),  Anonymous,DORLİON YAYINEVİ," 30,10"
Üniversiteler İçin Türkçe Dil Bilgisi,Prof. Dr. Necati Demir,ALTINORDU YAYINLARI," 136,50"
İngilizce'de Yapılan Kelime ve Gramer Hataları, Ertan Ardanancı,İNKILAP KİTABEVİ," 64,73"
Türkçeden Arapçaya Çeviri, Soner Akdağ,FECR YAYINEVİ," 42,60"
VOCİBOOK Akademik Kelime ve Okuma Teknikleri,Dr. Okan Önalan,PELİKAN YAYINLARI," 75,60"
Kolay Osmanlıca Rehberi -1, Arif Bulut,YASİN YAYINEVİ," 60,00"
Tercümeli Arapça Hikayeler 1, Adem Yerinde,AKDEM YAYINLARI," 61,20"
Tom Sawyer (Tom Sawyer) Fransızca Türkçe Bakışımlı Hikayeler, Mark Twain,DORLİON YAYINEVİ," 30,10"
Kar Kraliçesi Fransızca / Hikaye Seviye 3, Mustafa Yaşar,DORLİON YAYINEVİ," 30,10"
Yabancı Dil Nasıl Öğrenilmez? / Nasıl Öğrenilir?, Yuliya Yaşar,ELMA YAYINEVİ," 41,77"
Sihirli Kutu / Fransızca Hikayeler Seviye 2,Dr. Ali Işık,DORLİON YAYINEVİ," 30,10"
Tom Sawyer (Tom Sawyer) İspanyolca Türkçe Bakışımlı Hikayeler, Mustafa Yaşar,DORLİON YAYINEVİ," 30,10"
Le Bonhomme De Neige Kardan Adam / Fransızca Hikayeler Seviye 2, Yuliya Yaşar,DORLİON YAYINEVİ," 30,10"
Beauty and The Best / Stage 1 (İngilizce Hikaye), Mark Twain,KAPADOKYA KİTABEVİ," 16,50"
"Arapçanın Lehçeleri 1 (Suriye, Filistin, Ürdün)", Mustafa Yaşar,AKDEM YAYINLARI," 72,00"
Arapçayı Eğlenerek Öğrenelim - Arapça Kısa Hikayeler, Yuliya Yaşar,RAĞBET YAYINLARI," 70,00"
Yeni Başlayanlar için Türkçe Açıklamalı Fransızca Dilbilgisi, Fairy Tales,ERTEM KAFKARS EĞİTİM YAYINLARI," 38,61"
Akademik Çeviri Eğitimi & Ders Planı Geliştirmede Güncel Yaklaşımlar, Kolektif ,SİYASAL KİTABEVİ," 85,14"
Çocuklara Mahsus Kıraat-ı Müfide,Doç. Dr. Nusrettin Bolelli,FAZİLET NEŞRİYAT," 16,44"
2023 ÖABT İngilizce Öğretmenliği The Key To Success Literature Kapsamlı ve Pratik Ders Notları,Dr. Kadir Bayrakçı,YARGI YAYINEVİ," 49,34"
"Yeni Emsile (Parmak Çekimli, Test İlaveli)", Kolektif ,HANİFİYYE KİTABEVİ," 68,75"
Edebi Metinler ve Yabancı Dil Olarak Türkçe Öğretimi, Mehmed Fuad,NOBEL AKADEMİK YAYINCILIK," 63,38"
YDS Çek Kopart 5 Özgün Deneme Sınavı Dijital Çözümlü, Evrim Işık,PELİKAN YAYINLARI," 65,98"
Sıfatlar ve Fiillerle İngilizce Bulmacalar (2 Kitap), Alev Yıldırım,KARBON KİTAPLAR," 67,01"
La Bella Y La Bestia / İspanyolca Hikayeler Seviye 2, Madame Leprince De Beaumont ,DORLİON YAYINEVİ," 30,10"
Küçük İda'nın Çiçekleri Fransızca Hikayeler Seviye 1, Hans Christian Andersen,DORLİON YAYINEVİ," 30,10"
Konu Başlıklı Arapça Soru Bankası, Recep Çinkılıç,MEKTEP YAYINLARI," 117,60"
Russian Stories / Stage 4 (İngilizce Hikaye), Ivan Bilibin,DORLİON YAYINEVİ," 30,10"
Pocahontas (Pocahontas) Fransızca Türkçe Bakışımlı Hikayeler, A. Pushkin ,DORLİON YAYINEVİ," 30,10"
Üç Portakal / Rusça-Türkçe Bakışımlı Hikayeler, Anonim ,DORLİON YAYINEVİ," 30,10"
Farsça Okumaya Giriş, Kolektif ,ALTINORDU YAYINLARI," 106,40"
Dijital Çağda Öğretim Teknolojileri İle Türkçe Eğitimi, Paris Golshaei,EĞİTİM KİTABEVİ," 276,56"
Almanca Konuşma Kılavuzu, Shahed Parvizikhosroshahi,ENGİN YAYINEVİ," 37,00"
Peter Pan (Peter Pan) İspanyolca Türkçe Bakışımlı Hikayeler,Dr. Ahmet Benzer,DORLİON YAYINEVİ," 30,10"
Les Aventures De Huckleberry Finn (Huckleberry Finn´İn Maceraları) Fransızca Türkçe Bakışımlı Hikaye, Mehmet Hengirmen,DORLİON YAYINEVİ," 30,10"
Peter Pan (Peter Pan) Fransızca Türkçe Bakışımlı Hikayeler, J. M. Barrie,DORLİON YAYINEVİ," 30,10"
Kurabiyeden Ev (Rusça Hikaye) / Seviye 3, Anonim ,KAPADOKYA KİTABEVİ," 18,00"
Türkçe Çevirileriyle Farsça Öyküler, J. M. Barrie,ALTINORDU YAYINLARI," 63,25"
Alıştırmalarla Belagat & Arapça Dilbilgisi, Olga Tarasova,ENSAR NEŞRİYAT," 92,95"
Pollicino (Parmak Çocuk) / İtalyanca Hikayeler Seviye 1, Shahed Parvizikhosroshahi,DORLİON YAYINEVİ," 30,10"
İtalyanca Dilbilgisi Türkçe Açıklamalı, M. Edip Çağmar,DORLİON YAYINEVİ," 140,00"
Arapça Kolay Deyimler, Charles Perrault,AKDEM YAYINLARI," 50,70"
Russkiy Sezon A1.1+audio (Русский сезон A1.1 Учебник и pабочая тетрадь) Rusça Ders ve Çalışma Kitabı, Metin Gökçe,NÜANS YAYINEVİ," 246,51"
Cenerentola (Kül Kedisi) İtalyanca Hikayeler Seviye 2, Charles Perrault,DORLİON YAYINEVİ," 30,10"
Klasik ve Modern Arapça Metinler 2 (Metinlerin Tercümesi ve Alıştırmaların Çözümü),Doç. Dr. Nusrettin Bolelli,RAĞBET YAYINLARI," 59,40"
Alice in Wonderland /Stage-2 (CD'siz) (İngilizce Hikaye ), Lewis Carroll,KAPADOKYA KİTABEVİ," 18,00"
Arapça Okuma ve Yazma Kitabı, Mehmet Hengirmen,RAĞBET YAYINLARI," 48,13"
Rusça Konuşma Kılavuzu,Prof. Dr. Necati Demir,ENGİN YAYINEVİ," 36,00"
Türkçe Ses ve Biçim Bilgisi, Mehmet Türk,ALTINORDU YAYINLARI," 96,00"
Sarf ve Nahiv / Arapça Dilbilgisi, Charles Dickens,HÜNER YAYINEVİ," 79,20"
A Tale Of Two Cities /Stage-6 (CD'siz) (İngilizce Hikaye), Fratelli Grimm,KAPADOKYA KİTABEVİ," 18,00"
Il Principe Ranocchio (Kurbağa Prens) İtalyanca Hikayeler Seviye 2, Dijana Karapirim,DORLİON YAYINEVİ," 30,10"
Boşnakça Dil Kartları, Jane Austen,DELTA KÜLTÜR YAYINEVİ," 39,20"
Persuasion (Nivel 1) (İspanyolca Hikaye), J. M. Barrie,KAPADOKYA KİTABEVİ," 18,00"
Peter Pan (Peter Pan) İtalyanca Türkçe Bakışımlı Hikayeler, Sharon Hurst,DORLİON YAYINEVİ," 30,10"
Sam Finishes School / Stage 2 (İngilizce Hikaye),Doç. Dr. Nusrettin Bolelli,KAPADOKYA KİTABEVİ," 18,00"
Türkçeden Arapçaya Tercüme Teknikleri, Svetlana Angeleska,RAĞBET YAYINLARI," 68,75"
Makedonca Dil Kartları, Pelin Akan,DELTA KÜLTÜR YAYINEVİ," 32,34"
İtalyancada Düzensiz Fiiller ve Kullanım Şekilleri, Kolektif ,DELTA KÜLTÜR YAYINEVİ," 100,10"
Dil ve Konuşma Bozuklukları, İrfan Çağatay,PEGEM AKADEMİ YAYINCILIK," 72,00"
Sorani Türkçe Konuşma Kılavuzu, Qahir Bateyi,SİTAV YAYINLARI," 57,20"
Korece Alfabe Sözcük Yapısı (Sesli Kitap),Dr. Şener Şahin,FONO YAYINLARI," 165,62"
Arapçayı Sevdiren Kitap 2 (Orta Seviye),Prof. Dr. Hüseyin Günday,EMİN YAYINLARI," 138,75"
Yetişkinler İçin Yabancı Dil Olarak Özel Amaçlı Türkçe Öğretimine Giriş,Doç. Dr. Fadime Kavak,TÖMER," 40,95"
Sıfatlar ve Fiillerle İngilizce Bulmacalar - 1, Kolektif ,KARBON KİTAPLAR," 125,40"
Arapça Okuma ve Eski Metinler Kitabı, Alev Yıldırım,ENSAR NEŞRİYAT," 30,10"
American Fairy Tales / Stage 3 (İngilizce Hikaye),Prof. Dr. Bekir Topaloğlu,DORLİON YAYINEVİ," 30,10"
A Poor Rule / Stage 2 (İngilizce Hikaye),Prof. Dr. Hayreddin Karaman,DORLİON YAYINEVİ," 30,10"
Skeleton Cave / Stage 2 (İngilizce Hikaye), Lyman Frank Baum,DORLİON YAYINEVİ," 122,74"
"Nahiv & Avamil, İzhar, Kafiye", O. Henry ,ŞİFA YAYINEVİ," 56,10"
Pratik Rusça Konuşma Kılavuzu & Sözlük ve Dil Bilgisi Özet İlaveli, William G. Bryant,POZİTİF YAYINLARI," 30,10"
Robinson Crusoe (Robinson Crusoe) İspanyolca Türkçe Bakışımlı Hikayeler, Daniel Defoe,DORLİON YAYINEVİ," 140,00"
İspanyolca Dilbilgisi Türkçe Açıklamalı, Metin Gökçe,DORLİON YAYINEVİ," 132,00"
El- Muallim & Başlangıç Düzeyi Arapça Eğitim Seti -1, Ahmet Okur,ENSAR NEŞRİYAT," 30,10"
Wind In The Willows / Stage 2 (İngilizce Hikaye), Kenneth Grahame,DORLİON YAYINEVİ," 104,50"
"Türkiye'de Sözlü Çeviri & Eğitim, Uygulama ve Araştırmalar", Asuhan Turhal,SCALA YAYINCILIK," 159,20"
Eğlenceli Korece, Grimm Brothers,KİTAPYURDU DOĞRUDAN YAYINCILIK (KDY)," 30,10"
The Fish And The Ring / Stage 1, Antoine De Saint Exupery,DORLİON YAYINEVİ," 30,10"
El Flautista De Hamelin / İspanyolca Hikayeler Seviye 2, Hans Christian Andersen,DORLİON YAYINEVİ," 30,10"
Türk Askerî Havacılık Endüstrisinin Analizi, Arda Kukul,KİTAPYURDU DOĞRUDAN YAYINCILIK (KDY)," 30,10"
English Grammar Guidance, Naif Kara,KİTAPYURDU DOĞRUDAN YAYINCILIK (KDY)," 30,10"
9. Sınıf Almanca Kelime Bankası, Gülcan Yücedağ,KİTAPYURDU DOĞRUDAN YAYINCILIK (KDY)," 432,00"
The Three Bears Stage 1, Yuliya Yaşar,DORLİON YAYINEVİ," 162,50"
Pinocho En El Pais De / İspanyolca Hikayeler Seviye 3, Carlo Collodi,DORLİON YAYINEVİ," 18,00"
Türkçe-Arapça Kapsamlı Sözlük,Prof. Dr. Emrullah İşler,AKDEM YAYINLARI," 30,10"
Harezm Türkçesi Kur’an Tercümesi (2. Cilt), İbrahim Özay,AKÇAĞ YAYINLARI," 72,19"
Le Mystere de la Dinde de Noel / Seviye 1 (Fransızca Hikaye),Dr. Yaşar Şimşek,KAPADOKYA KİTABEVİ," 30,10"
Parmak Kız / Fransızca Hikayeler Seviye 3, Vanessa Pageot,DORLİON YAYINEVİ," 123,32"
Klasik ve Modern Arapça Metinler 1 (Metinlerin Tercümesi ve Alıştırmaların Çözümü), Mustafa Yaşar,RAĞBET YAYINLARI," 77,00"
Herodias Stage / 2 (İngilizce Hikaye), Yuliya Yaşar,DORLİON YAYINEVİ," 30,10"
Kazak Türkçesi Grameri,Doç. Dr. Nusrettin Bolelli,KESİT YAYINLARI," 27,30"
Farsça Konuşalım 1 (Sesli CD Hediyeli), Gustave Flaubert,ALTINORDU YAYINLARI," 30,10"
Andersen Tales / Stage 1, Kenan Koç,DORLİON YAYINEVİ," 30,10"
www.dbe.off-line.readings 1, Oğuz Doğan,ODTÜ GELİŞTİRME VAKFI YAYINCILIK - AKADEMİK KİTAPLAR," 123,90"
Le Compagnon De Route Yol Arkadaşı / Fransızca Hikayeler Seviye 3, Paris Golshaei,DORLİON YAYINEVİ," 30,10"
Çirkin Ördek Yavrusu Fransızca / Hikayeler Seviye 2, Mustafa Yaşar,DORLİON YAYINEVİ," 30,10"
English Through Games & Enjoy Learning A-1 / A2, Yuliya Yaşar,GÜVERCİN YAYINEVİ ," 122,76"
Ahlak ve Toplum (İki Dil (Alfabe) Bir Kitap-Osmanlıca-Türkçe), Emrullah Kavlak,BEYAN YAYINLARI," 72,00"
My Fellow Traveller / Stage 1, İsmail Hakkı (İzmirli),DORLİON YAYINEVİ," 30,10"
Arapça Öğretmenlerine Evrak & Arapça Örnek Çalışma Yaprakları, Maksim Gorki,MUARRIB," 37,60"
Farsça Konuşalım 2 / (Sesli CD Hediyeli), Bilal Süleyman Debşe,ALTINORDU YAYINLARI," 100,00"
Türkçe Doğal Dil İşleme (Ciltli), Paris Golshaei,AKÇAĞ YAYINLARI," 260,00"
Uygulamalı Türkçenin Yabancı Dil Olarak Öğretimi El Kitabı (1-2 Cilt Takım), Shahed Parvizikhosroshahi,KESİT YAYINLARI," 167,31"
Fransızca Dilbilgisi & Türkçe Açıklamalı, Eşref Adalı,DORLİON YAYINEVİ," 140,00"
Arapçada Cümle Yapısı, Kolektif ,ENSAR NEŞRİYAT," 120,00"
Ruslar İçin Türkçe Dil Kartları, Metin Gökçe,DELTA KÜLTÜR YAYINEVİ," 35,04"
Tom Sawyer (Tom Sawyer) İtalyanca Türkçe Bakışımlı Hikayeler,Dr. Resul Sevinç,DORLİON YAYINEVİ," 30,10"
Il Gatto Con Gli (Çizmeli Kedi) / İtalyanca Hikayeler Seviye 2, Mark Twain,DORLİON YAYINEVİ," 30,10"
Arapça Öğrenenler İçin Kolay Dilbilgisi 2, Kolektif ,AKDEM YAYINLARI," 108,00"
The History Of The Spectre Ship / Stage 6, Murat Serdar Şadoğlu,DORLİON YAYINEVİ," 30,10"
Kur'an-ı Kerim'den İsimlerle 1001 Cümle, Wilhelm Hauff,AKDEM YAYINLARI," 39,00"
Kur'an-ı Kerim'den Sıfatlarla 1001 Cümle, Mohammed Sayed,AKDEM YAYINLARI," 39,00"
The Old House / Stage 5, Mohammed Sayed,DORLİON YAYINEVİ," 30,10"
Arapça Uzun Hikayeler, Hans Christian Andersen,RAĞBET YAYINLARI," 61,88"
Karamanlıca İstanbul’un Fethi Feth-i Konstantiniye,Doç. Dr. Nusrettin Bolelli,DERGAH YAYINLARI," 90,00"
The Little Mermaid / Stage 5, Hans Christian Andersen,DORLİON YAYINEVİ," 30,10"
Hayalperestler - Фантазеры (Rusca Hikaye ), Nicolay Nosov,KAPADOKYA KİTABEVİ," 18,00"
The Story Of The False Prince / Stage 6, Wilhelm Hauff,DORLİON YAYINEVİ," 30,10"
Uygulamalı Güncel İngilizce Dilbilgisi, Aylin Talu,FONO YAYINLARI," 266,76"
İtalyanca Konuşma Kılavuzu,Prof.Dr. Muhammet Yelten,ÜNİVERSİTELİ KİTABEVİ," 117,00"
Soru ve Cevaplı Osmanlıca Emsile, Mustafa Uluçay,YASİN YAYINEVİ," 42,25"
Osmanlı Türkçesi,Dr. Sara Behzad,DER YAYINLARI," 216,00"
Basın Farsçası & Tematik Sözlük-Metin-Çeviri-Alıştırma,Dr. Sezer Yılmaz,DORLİON YAYINEVİ," 88,90"
Çevirinin Estetik Boyutu, Kolektif ,AKDEM YAYINLARI," 101,40"
Yabancılara Arapça Öğretimi İçin Arapça Öğretim Rehberi ( Alan Uygulamaları), Yusuf Polat,AKDEM YAYINLARI," 101,40"
Yeni Türkçenin Kapıları 1, Charles Perrault,DELTA KÜLTÜR YAYINEVİ," 151,80"
Biancaneve E I Sette Nani (Pamuk Prenses ve Yedi Cüceler),Dr. Halil İbrahim Yakar,DORLİON YAYINEVİ," 30,10"
Osmanlı Türkçesi Metinleri,Prof. Dr. Hikmet Özdemir,PALET YAYINLARI," 51,30"
Resimlerle Herkes İçin Pratik Arapça 2,Prof. Dr. Suat Cebeci,ÇELİK YAYINEVİ," 65,00"
I Ragazzi Di Nuova Foresta (Yeni Ormanın Çocukları) İtalyanca Türkçe Bakışımlı Hikayeler, Metin Gökçe,DORLİON YAYINEVİ," 30,10"
Dillerin Şifresi II.Cilt / Hint - Avrupa Dillerinin Köken Bilimine Giriş,Dr. Yusuf  Gedikli,BOĞAZİÇİ YAYINLARI," 405,60"
Yurt Dışında Türkçe Ana Dili Öğretimi, Fatma Büşra Süverdem,GAV PERSPEKTİF," 115,50"
Küçük Deniz Kızı - Русалочка (Cd'li) (Rusca Hikaye ), Hans Christian Andersen,KAPADOKYA KİTABEVİ," 18,00"
Resimlerle Herkes İçin Pratik Arapça 1,Prof. Dr. Hikmet Özdemir,ÇELİK YAYINEVİ," 65,00"
Kelile ve Dimneden Seçmeler,Prof. Dr. Suat Cebeci,İSAR," 27,30"
Dilin Derin Devleti Deyimler, Erdinç Doğru,FECR YAYINEVİ," 46,50"
Kolay Arapça Eğitim Seti (15 Ders Kitabı 1 Nahiv Kitabı 15 DVD 3 MP3 CD 1 Sözlük), Anonim ,NAKKAŞ PRODÜKSİYON," 396,00"
Baba Yaga /Stage 4, Svetlana Angeleska,DORLİON YAYINEVİ," 30,10"
Makedonca Gezi ve Konuşma Rehberi, Tuncay Gülşen,DELTA KÜLTÜR YAYINEVİ," 56,00"
Resimlerle Herkes İçin Pratik Arapça 5,Prof. Dr. Hikmet Özdemir,ÇELİK YAYINEVİ," 60,00"
İspanyolca Öğreniyorum (1. Seviye),Prof. Dr. Suat Cebeci,MARTI ÇOCUK YAYINLARI," 34,10"
La Boda De Tom Y Carol (Nivel 1) (İspanyolca Hikaye),Pedagog Elizabeth Dayan,KAPADOKYA KİTABEVİ," 18,00"
Hintçe Gezi ve Konuşma Rehberi, Karen Gezer,DELTA KÜLTÜR YAYINEVİ," 50,05"
Graf Teorisiyle Türkçe Öğretimi, Sharon Hurst,AKÇAĞ YAYINLARI," 61,75"
Nous Apprenons le Turc! (Fransızca Anahtar Kitap), H. Derya Can,ALFA YAYINLARI," 16,58"
The Copper Beeches / Stage 4, Canan Erdemir,DORLİON YAYINEVİ," 30,10"
Ole Lukoye - Оле Лукойе (Rusca Hikaye),Prof.Dr. Abdurrahman Güzel,KAPADOKYA KİTABEVİ," 18,00"
Yabancı Dil Öğretiminde Teknoloji Uygulamaları, Hakan Bayezit,NOBEL AKADEMİK YAYINCILIK," 63,11"
Resimlerle Herkes İçin Pratik Arapça 6, Servet Kemikli,ÇELİK YAYINEVİ," 60,00"
Resimlerle Herkes İçin Pratik Arapça 4,Sir Arthur Conan Doyle,ÇELİK YAYINEVİ," 60,00"
Resimlerle Herkes İçin Pratik Arapça 3, Hans Christian Andersen,ÇELİK YAYINEVİ," 60,00"
The Tenses and Their Usage & Conditional Sentences, Kolektif ,BİLGE KÜLTÜR SANAT," 160,00"
Temel Fransızca (2-F-45),Prof. Dr. Hikmet Özdemir,YENİ ZAMANLAR SAHAF (2. El Kitaplar)," 394,99"
Arapça Öğretim Metotları,Prof. Dr. Suat Cebeci,AKDEM YAYINLARI," 128,70"
Collins Spanish Dictionary and Grammar (8th edition),Prof. Dr. Hikmet Özdemir,NÜANS YAYINEVİ," 446,26"
Jokers In Your Pocket 1 (For Young Learners), Murat Kurt,MK PUBLİCATİONS," 18,75"
Araplar İçin Türkçe Konuşma Kılavuzu, Abdurrahim Elveren,AKDEM YAYINLARI," 64,00"
Jokers In Your Pocket 2 (For Adult), Murat Kurt,MK PUBLİCATİONS," 18,75"
Musannaf Arabi Türki Müşterek İfadeler, Yusuf Özcan,MEKTEP YAYINLARI," 28,00"
Hüseyin Siret Özsever Bağ Bozumu (Metin-İnceleme),Doç. Dr. Musa Alp,AKÇAĞ YAYINLARI," 32,50"
CHATGPT-4 ve Dil Eğitimine Etkisi, Halil Adıyaman,NOBEL BİLİMSEL," 59,50"
Arapça Konuşmayı Öğreten Kitap,Doç. Dr. Levent Uzun,RENPA KİTAP," 168,75"
Teysiru Sire En-Nebeviyye ( Hz.Muhammed'in (s.a.s) Hayatı Arapça Okuma Metni), Lütfi Çebi,AKDEM YAYINLARI," 50,40"
Tablolarla Kendi Kendine İngilizce (Sesli Kitap), Hassan Abdulkader Said Youssef  ,FONO YAYINLARI," 270,40"
YDS YÖKDİL YDT Vocabulary Blasting, Ersel Korkmaz,PELİKAN YAYINLARI," 78,75"
Sıfatlar ve Fiillerle İngilizce Bulmacalar - 2, Alev Yıldırım,KARBON KİTAPLAR," 35,00"
Hac ve Umrede Arapça Konuşma Rehberi, Abdurrahim Elveren,AKDEM YAYINLARI," 36,13"
The Dog And The Sparrow Stage 1, Grimm Brothers,DORLİON YAYINEVİ," 30,10"
Cinderella Stage 1, Grimm Brothers,DORLİON YAYINEVİ," 30,10"
Miftahu'l Arabiyye Giriş Seviyesi (İngilizce), Kolektif ,AKDEM YAYINLARI," 195,00"
Reginald / Stage 3 (İngilizce Hikaye), Hector H. Munro,DORLİON YAYINEVİ," 30,10"
Araştırma ve İnceleme Metotları,Prof. Dr. Ahmet Kazım Ürün,AKDEM YAYINLARI," 85,80"
Knights Of Industry Stage 4 (İngilizce Hikaye), V. Vladimirovich Krestovski,DORLİON YAYINEVİ," 30,10"
İbranice Konuşma Kılavuzu, Mehmet Hengirmen,ENGİN YAYINEVİ," 39,00"
Anne La Maison Aux Pignos Verts (Yeşilin Kızı Anne) Fransızca Türkçe Bakışımlı Hikayeler, Anonim ,DORLİON YAYINEVİ," 30,10"
Two Brothers / Stage 1, Brothers Grimm,DORLİON YAYINEVİ," 30,10"
Docteur Jekyll Et Monsieur Hyde (Dr. Jekyll Bay Hyde) Fransızca Türkçe Bakışımlı Hikayeler, Robert Louis Stevenson,DORLİON YAYINEVİ," 30,10"
Collins Cobuild / Orta Düzey İngilizce Dilbilgisi ve Alıştırmaları,Doç. Dr. Rahmi Yaran,BİLGE KÜLTÜR SANAT," 140,00"
Arapça'da İ'rab, Guy de Maupassant,RAĞBET YAYINLARI," 27,50"
Two Little Soldiers / Stage 1, Muhammed Abs,DORLİON YAYINEVİ," 30,10"
Arapça Dil Serisi / Silsiletü'l-Lisan & Orta Seviye 2, Muhammed el-Ebraş,FSM VAKIF ÜNİVERSİTESİ YAYINLARI," 244,80"
Ali Baba Et Les Quarante Voleurs (Ali Baba Ve Kırk Haramiler) Fransızca Türkçe Bakışımlı Hikayeler, Amir es-Sibai,DORLİON YAYINEVİ," 30,10"
A Nightmare / Stage 5, Mü'min el-Annan,DORLİON YAYINEVİ," 30,10"
La Pequena Princesa (Küçük Prenses) İspanyolca Türkçe Bakışımlı Hikayeler, Anonim ,DORLİON YAYINEVİ," 30,10"
The History Of Tom Thumb Stage 1, Anton Çehov,DORLİON YAYINEVİ," 30,10"
Arapça Muafiyet Sınavlarına Hazırlık Soru Bankası 1, Metin Gökçe,AKDEM YAYINLARI," 195,00"
Hadislerden Fiillerle 1001 Cümle, Yuliya Yaşar,AKDEM YAYINLARI," 39,00"
Domuz Çobanı / Fransızca Hikayeler Stage 2, Kolektif ,DORLİON YAYINEVİ," 30,10"
Harezm Türkçesi Kur’an Tercümesi, Mohammed Sayed,AKÇAĞ YAYINLARI," 97,50"
YDS Almanca Altın Sorular, Mustafa Yaşar,DELTA KÜLTÜR YAYINEVİ," 104,00"
Keyifli Arapça, Yuliya Yaşar,M.Ü. İLAHİYAT FAKÜLTESİ VAKFI YAYINLARI," 105,00"
Arapçada Sayılar,Dr. Yaşar Şimşek,AKDEM YAYINLARI," 52,00"
Rusça Gramer Diyaloglar, Şule Pak,DERİN YAYINLARI," 115,20"
Arapça Muafiyet Sınavlarına Hazırlık Soru Bankası 2, Halil İbrahim Kaçar,AKDEM YAYINLARI," 195,00"
Arapça Yazılı Anlatım ( Kompozisyon),Doç. Dr. Nevzat H. Yanık,AKDEM YAYINLARI," 101,40"
The Travelling Companion / Stage 5, Hans Christian Andersen,DORLİON YAYINEVİ," 30,10"
Mantığa Dayalı İngilizce, Bahai ,AKADEMİK KİTAPLAR," 295,75"
Nasreddin Hoca Fıkraları 2,Doç. Dr. Nusrettin Bolelli,YEDİTEPE YAYINEVİ," 28,00"
Klasik ve Modern Arapça Metinler 1, Kolektif ,RAĞBET YAYINLARI," 123,75"
Korece Öğrenme Seti (2 Kitap), Mark Twain,AZ KİTAP," 111,15"
Las Aventuras De Huckleberry Finn (Huckleberry Finn'in Maceraları) İspanyolca Türkçe Bakışımlı Hikayeler, Fiaba Araba,DORLİON YAYINEVİ," 30,10"
Aladino (Aladdin'in Sihirli Lambası) İtalyanca Hikayeler Seviye 3, Fiaba Araba,DORLİON YAYINEVİ," 30,10"
Ali Baba E İ Quaranta Ladroni (Ali Baba Ve Kırk Haramiler) İtalyanca Hikayeler Seviye 3, Zeynep Özkanlı,DORLİON YAYINEVİ," 30,10"
Arapçanın Ses Bilgisi, Recep Çinkılıç,FECR YAYINEVİ," 82,50"
Soru-Cevaplı Arapça Günlük Konuşmalar, Kerim Açık,MEKTEP YAYINLARI," 48,75"
90 Derste Kolay Arapça Gramer Türkçe Açıklamalı, Hans Christian Andersen,TERCİH AKADEMİ," 97,50"
İl Brutto Anatroccolo (Çirkin Ördek Yavrusu) İtalyanca Hikayeler Seviye 3, Gümülcineli Esad ,DORLİON YAYINEVİ," 30,10"
Türk Dilinde Darb-ı Meseller (Osmanlıca-Türkçe),Dr. Seda Özbek,BEYAN ÇOCUK," 53,90"
Cenap Şahabettin Bütün Şiirleri, Basel Swed,AKÇAĞ YAYINLARI," 211,25"
Diyaloglarla Arapça Öğreniyorum Set (5 Kitap), Hasan Kaili,MEKTEP YAYINLARI," 48,75"
Τα λέμε (Ta lème) & Yunancada Uyum Tanımlıklar Nesne Adılları Τα + Eylem Dizimindeki Deyimler, Hans Christian Andersen,DORLİON YAYINEVİ," 39,20"
The Travelling Musicians Stage 2, Nurtekin Nazmi Metin,DORLİON YAYINEVİ," 30,10"
11. Sınıf Arapça Konu Anlatımı, Bahai ,MEKTEP YAYINLARI," 33,75"
Nasreddin Hoca Fıkraları 3, Metin Gökçe,YEDİTEPE YAYINEVİ," 28,00"
Muafiyet Sınavlarına Hazırlık Arapça Soru Bankası 10 Deneme, Nurullah Oruç,CANTAŞ YAYINCILIK," 53,04"
İmkansız Sularda Tutuşan Gemi A’dan Z’ye Ahmet Hamdi Tanpınar, Nezahat Özcan,AKÇAĞ YAYINLARI," 146,25"
We are Learning Turkish! (İngilizce Anahtar Kitap), Ümmühan Bilgin Topçu,ALFA YAYINLARI," 42,90"
Göçmenlere Türkçe Öğretimi, Hakan Bayezit,NOBEL AKADEMİK YAYINCILIK," 91,26"
Dad Dilinde Bir Fiil Üç Anlam, Servet Kemikli,MUARRIB," 53,13"
Dr Jekyll And Signor Hyde (Dr Jekyll Ve Bay Hyde) İtalyanca Türkçe Bakışımlı Hikayeler, Umut Başar,DORLİON YAYINEVİ," 30,10"
Türkçe Eğitimi Araştırmaları I, Burak Tüfekçioğlu,HOLISTENCE PUBLICATIONS," 122,80"
Görsel Eşdizimleriyle Arapçada Temel Fiiller, H.Hüseyin Köksal,MEKTEP YAYINLARI," 50,40"
Arap ve Türk Edebiyatından Hitabeler, Enes Balı,MUARRIB," 30,03"
Easy Learning German Grammar and Practice (2nd Ed), Robert Louis Stevenson,NÜANS YAYINEVİ," 378,26"
Los Cuentos De (Nivel 2) (İspanyolca Hikaye ),Doç. Dr. Hulusi  Geçgel,KAPADOKYA KİTABEVİ," 18,00"
Kullanışlı Almanca Gramer,Dr. Öğr. Üyesi Fatih Kana,NOBEL AKADEMİK YAYINCILIK," 220,15"
Dil Mühendisliği ve Türkiye’de Uluslaşma, H.Hüseyin Köksal,SİYASİYAT YAYINLARI," 37,81"
"Sıralı Sırasız & Dil, İletişim, Yönetişim", Enes Balı,KETEBE YAYINEVİ," 38,50"
Peter Pan (Nivel 1) (İspanyolca Hikaye), Kolektif ,KAPADOKYA KİTABEVİ," 18,00"
Arapça Dil Serisi / Silsiletü'l-Lisan & İleri Seviye 1, Edgar Allan Poe,FSM VAKIF ÜNİVERSİTESİ YAYINLARI," 277,67"
Kürtçe - Kırmancca (Zazaca) Dil Kartları, Müjdat Kayayerli,VATE YAYINLARI," 42,25"
Yama - Заплатка (Rusca Hikaye), Zafer Çelik,KAPADOKYA KİTABEVİ," 18,00"
The Star Child Stage 2, Mete Çamdereli,DORLİON YAYINEVİ," 30,10"
A Peculiar Man / Stage 5, J. M. Barrie,DORLİON YAYINEVİ," 30,10"
Yabancı Dil Olarak Türkçenin Öğretimi Araştırmaları I,Doç. Dr. Hulusi  Geçgel,HOLISTENCE PUBLICATIONS," 100,40"
Yabancı Dil Olarak Türkçenin Öğretimi Araştırmaları II,Dr. Öğr. Üyesi Fatih Kana,HOLISTENCE PUBLICATIONS," 109,60"
Türkçe Eğitimi,Doç. Dr. Hulusi  Geçgel,NOBEL AKADEMİK YAYINCILIK," 91,26"
Dilin Derin Devleti Deyimler & Arap Dilindeki Deyimlerin Semantik Analizi,Dr. Öğr. Üyesi Fatih Kana,AKDEM YAYINLARI," 78,00"
A Nervour Breakdown / Stage 5, Kolektif ,DORLİON YAYINEVİ," 30,10"
A Guide To English Idioms English-Turkish, Erdinç Doğru,BİLGE KÜLTÜR SANAT," 140,00"
Sorularla Türk Dili, Anton Çehov,ASOS YAYINEVİ," 50,49"
The Remarkable Rocket Stage 2, Faruk Şentürk,DORLİON YAYINEVİ," 30,10"
Little Tiny or Thumbelina Stage 2, Serdar Yavuz,DORLİON YAYINEVİ," 30,10"
The Three Men Of Power / Stage 5, Oscar Wilde,DORLİON YAYINEVİ," 30,10"
The Hunter And His Wife / Stage 4, Hans Christian Andersen,DORLİON YAYINEVİ," 30,10"
Siyaset ve Medya Arapçası, Yuliya Yaşar,AKDEM YAYINLARI," 104,00"
"Etkili Türkçe Öğretim Yaklaşımları & Uygulama Örnekli Strateji, Yöntem ve Teknikler", Anonim ,NOBEL AKADEMİK YAYINCILIK," 105,63"
Sorularla Arapça Modern Metinler, Suwayfi Fathi,AKDEM YAYINLARI," 128,70"
The Easter Egg Hunt / Easy Starters (İngilizce Hikaye ), Hedaya İbrahim ,KAPADOKYA KİTABEVİ," 15,00"
Kurdiya Pratîk - Pratik Kürtçe, Kolektif ,NA YAYINLARI," 55,00"
Kendi Kendine Yabancı Dil Olarak Türkçe Öğrenimi,Dr. Mehmet Bölükbaşı,NOBEL AKADEMİK YAYINCILIK," 80,28"
English Grammar and Practice, Sharon Hurst,GÜLNAR YAYINLARI," 128,70"
Farsça Okuma Parçaları 1, Ramazan Kaygısız,KÖPRÜ KİTAP," 160,00"
Le Avventure Di Huckleberry Finn (Huckleberry Finn'in Maceraları) İtalyanca Türkçe Bakışımlı Hikayeler, Kolektif ,DORLİON YAYINEVİ," 30,10"
Temel Sağlık Arapçası, Abdurrahim Elveren,AKDEM YAYINLARI," 80,00"
Hadislerden İsimlerle 1001 Cümle, İman Vazvaz,AKDEM YAYINLARI," 40,00"
"Arabça İlk ve İleri Dilbilgisi & Modern Metodlu, Uygulamalı, Tahlilli ve Araştırmalı (2 Cilt)", Mohammed Sayed,YENİ ZAMANLAR DAĞITIM," 799,98"
Arapça İsim Cümlesi ve Karşıtsal Çözümlemesi, Yusuf Uralgiray,KESİT YAYINLARI," 98,87"
The Witch Baby / Stage 4, Candemir Doğan,DORLİON YAYINEVİ," 30,10"
Alıştırmalı Çağdaş Arapça Seçme Metinler, Anonim ,RAĞBET YAYINLARI," 89,38"
Klasik ve Modern Arapça Metinler 2,Doç. Dr. Nusrettin Bolelli,RAĞBET YAYINLARI," 96,25"
The Caravan / Stage 6, Wilhelm Hauff,DORLİON YAYINEVİ," 30,10"
Yvon And Finette / Stage 5, Yuliya Yaşar,DORLİON YAYINEVİ," 30,10"
The Red Headed League / Stage 4,Sir Arthur Conan Doyle,DORLİON YAYINEVİ," 30,10"
Alıştırmalarla Nahiv & Arapça Dil Bilgisi, M. Edip Çağmar,ENSAR NEŞRİYAT," 122,10"
Arapça-Türkçe Çeviri Yapanlar İçin Türkçede Fiilimsiler, Abdurrahim Elveren,AKDEM YAYINLARI," 93,60"
Türkçe Çevirileriyle Arapça Kısa Öyküler, Hüseyin Şaban,AKDEM YAYINLARI," 78,00"
The Divan of Lost Things - Kayıp Şeyler Divanı, Murat Özcan,EVEREST YAYINLARI," 36,00"
Türkçe Eğitiminde Algı,Dr. Musa Yıldız,AKÇAĞ YAYINLARI," 55,25"
Tehlike Altındaki Bir Dil Kırmancca / Zazaca, Pelin Batu,VATE YAYINLARI," 67,60"
Let’s Learn Arabic - Heyya İle’l-Arabiyye, Gıyasettin Aytaş,AKDEM YAYINLARI," 156,00"
Çin'de Hayatta Kalma Kılavuzu cep boy, Nadire Guntaş Aldatmaz,VADİ YAYINLARI," 13,75"
Kuramdan Uygulamaya Kelime Öğretimi, Ahmed Mustafa ,NOBEL AKADEMİK YAYINCILIK," 80,28"
Türkçe Eğitimi Araştırmaları II, Giray Fidan,HOLISTENCE PUBLICATIONS," 145,20"
Eski ve Bugünkü Yenisey Dili, Kolektif ,ALKA YAYINEVİ," 60,00"
Çağdaş Türk Lehçeleri Ve Edebiyatları Bölümleri İçin Rusça,Doç. Dr. Mayramgül Dıykanbay,BİLGE KÜLTÜR SANAT," 82,50"
İngilizce-Türkçe-Arapça Eşdizim, Emine Dedeoğlu,FECR YAYINEVİ," 49,60"
Yabancı Dil Öğrenme Yolları, Gül Şen,ALFA YAYINLARI," 35,10"
Hadislerden Sıfatlarla 1001 Cümle, Ece Vahapoğlu,AKDEM YAYINLARI," 40,00"
Herkes için Türkçe Pratik - Turkish Practice for All, Mohammed Sayed,AKDEM YAYINLARI," 156,00"
Yeni Türkçenin Kapıları 3, Begüm Esra Kara Göktepe,DELTA KÜLTÜR YAYINEVİ," 207,35"
Konuşarak Arapça Öğreniyorum Set (5 Kitap), Yusuf Polat,MEKTEP YAYINLARI," 48,75"
The Birthday Of İnfanta / Stage 4, Basel Swed,DORLİON YAYINEVİ," 30,10"
The Fatima's Deliverance / Stage 6, Anonim ,DORLİON YAYINEVİ," 30,10"
Adım Adım Arapça Öğretimi 1 & Çeviri Rehberi, Wilhelm Hauff,RAĞBET YAYINLARI," 192,00"
Günlük Okul Arapçası,Prof. Dr. Mehmet Ali Şimşek,AKDEM YAYINLARI," 80,00"
Rusça Konuşma ve Seyahat Rehberi, Abdurrahim Elveren,DORLİON YAYINEVİ," 67,90"
The Swineherd Stage 2, Abdurrazık Ahmed,DORLİON YAYINEVİ," 30,10"
Legal English Dictionary, Bora Dağaşan,SPESİFİK YAYINLARI," 143,00"
Fransızlar İçin Türkçe Dil Kartları, Hans Christian Andersen,DELTA KÜLTÜR YAYINEVİ," 34,40"
Türkçenin Yabancı Dil Olarak Öğretimi & Dil Politikası-Kültür-Yöntem-Teknoloji, Seda Yekeler,NOBEL AKADEMİK YAYINCILIK," 86,19"
Gazete Okuyan Tavuk, Kolektif ,AKDEM YAYINLARI," 32,00"
Resimlerle Yaşayan Arapçanın Kelime ve Kalıpları, Mehmet Ali Başaran,KİTAP DÜNYASI," 46,80"
Modern Metodla Arapça İmla Kuralları,Prof. Dr. Tacettin Uzun,RAĞBET YAYINLARI," 140,00"
Hikayelerle Arapça, Hassan Abdulkader Said Youssef  ,AKDEM YAYINLARI," 52,00"
Never Give Up, Nurşen Berk,NSN YAYINEVI," 83,72"
Dil Bilgisi Öğretimi (Ekonomik Boy), Kolektif ,PEGEM AKADEMİ YAYINCILIK," 235,95"
İngilizce'de Özel Kullanımlar 500 Soru - 500 Yanıt, Candemir Doğan,DORUK YAYINLARI," 120,00"
Sistematik Yabancı Dil Öğretim Yaklaşım ve Yöntemleri, Candemir Doğan,ENSAR NEŞRİYAT," 43,55"
Sı̇stematı̇k Uygulamalı Alıştırmalı Arapça Fı̇il Cümlesi ve Karşıtsal Çözümlemesi, Esin Esen,İSTANBUL AYDIN ÜNİVERSİTESİ YAYINLARI," 136,50"
Kotodama İstanbul Academia 2,Prof. Dr. Mehmet Ali Şimşek,EFE AKADEMİ YAYINLARI," 40,00"
El-Arabiyyetü'l-Mübtedi'in (Yeni Başlayanlar İçin Arapça),Prof. Dr. Vecdi Akyüz,KİTAP DÜNYASI," 144,38"
Adım Adım Arapça Öğretimi 1, İstiklal Marşı Derneği ,RAĞBET YAYINLARI," 112,00"
Arapça'da Sayılar,Prof. Dr. Mustafa Balcı,ENSAR NEŞRİYAT," 97,40"
İstiklal Takvimi 1443, İbrahim Gültekin,TİYO YAYINLARI," 140,00"
Türkçeye Yolculuk A1 Ders Kitabı / A1 Çalışma Kitabı,Doç. Dr. Deniz Melanlıoğlu,KESİT YAYINLARI," 33,60"
Puss in Boots (Cd Ekli),Öğr. Gör. Yakup Türkdil,ENGİN YAYINEVİ," 78,59"
Kırgız Türkçesinin Söz Dizimi, Murat Ceritoğlu,KESİT YAYINLARI," 29,25"
Scooby-Doo İle İngilizce Öğrenin 7. Kitap, Kolektif ,ARTEMİS YAYINLARI," 30,10"
The Adventures of Jack The Giant Killer Stage 2, Kolektif ,DORLİON YAYINEVİ," 101,40"
1001 Örnek Cümle ile Arapçada İrab, Zaid İshaq,AKDEM YAYINLARI," 33,75"
Açık Öğretim İlahiyat Hazırlık Arapça Soru Bankası, Nurtekin Nazmi Metin,MEKTEP YAYINLARI," 731,02"
Türklere Arapça Öğretim Yöntem ve Teknikleri, Ahmet Altun,AKDEM YAYINLARI," 101,40"
Happy Birthday / Level 1, Nurşen Berk,NSN YAYINEVI," 55,25"
Onomasyoloji :Kuramdan Bilime Doğru - Rus Dili Örneği, Olena Kozan,NOBEL BİLİMSEL," 91,88"
Pratik Arapça (Üçüncü Kitap), Heyet ,FAZİLET NEŞRİYAT," 220,80"
Yabancılar İçin Türkçe Öğrenme Kitabı A1, Z. Canan Karababa,ANI YAYINCILIK," 944,00"
"Uno, Dos, Tres... ya! 1 Libro del alumno (Ders Kitabı +Audio descargable) 7-10 yaş İspanyolca Temel Seviye", Maria de los Angeles Palamino,NÜANS YAYINEVİ," 32,76"
Aladdin and the Lamp (Cd Ekli), Abdullah Kızılcık,ENGİN YAYINEVİ," 32,76"
The Little Mermaid (Cd Ekli), Sedat Maden,ENGİN YAYINEVİ," 52,00"
Sarf / Uygulamalı Arapça Dilbilgisi, Candemir Doğan,RAVZA YAYINLARI," 78,59"
Drama ile Dil Öğretimi, Maria Teresa Ferrero Gil ,NOBEL AKADEMİK YAYINCILIK," 92,00"
Arapça İsim Sıfat Tamlamaları ve İsim Cümlesi Kurulumu, Mahmut Polat,ENSAR NEŞRİYAT," 501,51"
Solo Espanol 1 (A1.1) Libro Del Alumno Y De Ejercicios +Audio Descargable,Araş. Gör. Nevres Açıkalın,NÜANS YAYINEVİ," 39,60"
İlahiyat Fakülteleri Hazırlık Sınıfları İçin Arapça İmla ve Mükatebat İmla Kitabı,Dr. Mehmet Şayır,ENSAR NEŞRİYAT," 80,00"
Mardin Arapça Diyalekti, Muhammed Basil Sweyd,AKDEM YAYINLARI," 80,00"
Et-Tarik İla'l-Arabiyye 3, Kemal Taşkıran,MEKTEP YAYINLARI," 105,30"
Yeni Başlayanlar İçin İngilizce Dilbilgisi & A Grammar Book for Beginners to Learn and Enjoj English, Süleyman Cesur,GECE KİTAPLIĞI," 54,60"
Arap Dili Ve Belagatinde Tıbak Sanatı, Kolektif ,KİTAP DÜNYASI," 276,26"
Easy Learning French Grammar (3rd Ed), Anonim ,NÜANS YAYINEVİ," 30,10"
Sadko / Stage 4,Dr. Sinem Ceyda Baysal,DORLİON YAYINEVİ," 211,25"
A Funny Farm / Level 1, Nurşen Berk,NSN YAYINEVI," 19,84"
Uhibbu Sadikati,Dr. Hulusi Polat,HİKMETEVİ YAYINLARI," 35,75"
Arapça Öğrenenler için Yazı Defteri, Sinan Bayraktaroglu,ÖZDEMİR KİTABEVİ," 81,90"
Türk Runik Harfli Metinlerin Çekim Morfolojisi, Wu Zhongwei,EFE AKADEMİ YAYINLARI," 116,06"
Yabancı Dil Öğretmeni Yetiştirme, İnci İ. Erdoğdu,İNKILAP KİTABEVİ," 552,51"
Çağdaş Çince Karakterler Kitabı, Kolektif ,SINOLINGUA," 276,26"
Collins English Thesaurus (8th edition), Nurşen Berk,NÜANS YAYINEVİ," 21,75"
Colorful Friends / Level 1, Neşe Taşıgüzel,NSN YAYINEVI," 33,69"
Neşeli İngilizce 4, Pauline O’Carolan ,SOMUT YAYINLARI," 68,00"
Araplar İçin Türkçe Dil Kartları, H. M. Thomson,DELTA KÜLTÜR YAYINEVİ," 91,80"
Ride for Your Life + CD (Nuance Readers Level-1), Catherine Bruzzone,NÜANS YAYINEVİ," 63,38"
İngilizce Ameli-Ticari (1-C-23) & Practical Enhlish Commercial Class-Book, Thessa Judkins,YENİ ZAMANLAR SAHAF (2. El Kitaplar)," 123,90"
Cachorrito encuentra un amigo +audio descargable A1 (¡Yo sé leer en español!), Kolektif ,NÜANS YAYINEVİ," 64,00"
Yabancı Dil Öğretiminde Kuramdan Uygulamaya Disiplinlerarası Çalışmalar,Öğr. Gör. Dr. İnci Aras,NOBEL AKADEMİK YAYINCILIK," 128,70"
Türkiye’de Yabancı Dil Öğretimi, Gönül Karasu,DORLİON YAYINEVİ," 128,70"
Sınıf Bilinci İkinci Merhale Altıncı Nüsha, Gizem Köşker,TİYO YAYINLARI," 276,26"
12. Sınıf İmam Hatip Liseleri İçin Soru Bankası, Zeynep Say,AKDEM YAYINLARI," 101,40"
Türkçeye Yolculuk B1 Ders Kitabı / B1 Çalışma Kitabı (2 Kitap), Kolektif ,KESİT YAYINLARI," 147,88"
Kolay Arapça Dersleri (3 Kitap Takım) & Camiu'd-Durusi'l-Lugati'l-Arabiyye, Mustafa el-Ğalayini ,RAVZA YAYINLARI," 195,00"
Grammatica della lingua italiana per stranieri 1 (A1-A2), Roberto Tartaglione,ALMA," 752,27"
Kısasu'l Hadravat / Seviye 1 (Arapca Hikaye), Angelica Benincasa,KAPADOKYA KİTABEVİ," 18,00"
Mein Buch, Kerim Açık,PİRAMİT YAYINCILIK," 63,38"
Deadly Holiday +2CDs (Nuance Readers Level-3), Filiz Sezen,NÜANS YAYINEVİ," 72,25"
New Let's Cope With Cloze Tests,Dr. N. Zehra Savran,SİYASAL KİTABEVİ - HAZIRLIK," 46,80"
Kazak-Turik Söz Etiketinin Etno Medeni Aspekti, Pauline O’Carolan ,AKÇAĞ YAYINLARI," 78,00"
The New Light in English (CD ilaveli), Deniz Göktepe Salttürk,EKİN KİTABEVİ YAYINLARI," 276,26"
Collins English Dictionary (8th edition), Zubaida Shadkam,NÜANS YAYINEVİ," 60,00"
Türkçede Zamanlar, Ayhan Sezer,AKDEM YAYINLARI," 68,00"
Türkçe Öğreniyoruz (Cd İlaveli) &Yabancılar İçin Türkçe, Kolektif ,ALFA YAYINLARI," 32,76"
Jack and the Beanstalk (Cd Ekli), Abdurrahim Elveren,ENGİN YAYINEVİ," 510,01"
Ele Actual B2 Cuaderno de ejercicios +Cd, Hakan Bayezit,SM YAYINLARI," 187,00"
GAMEnglish Book A +12 posters, Servet Kemikli,NÜANS YAYINEVİ," 175,00"
Living Sentence Patterns In English, Virgilio Borobio,BİLGE KÜLTÜR SANAT," 60,00"
Wise English / Öğretisi ve Pekiştirici Alıştırmalar, Ramon Palencia,KÖMEN YAYINLARI," 130,00"
Italiano Medico +CD (Tıbbî İtalyanca) B1-B2, Daniela Forapani,EDILINGUA," 586,51"
Easy Learning French Verbs (3rd Ed), Kolektif ,NÜANS YAYINEVİ," 276,26"
GrammaticAvanzata, Matteo La Grassa,EDILINGUA," 731,02"
Adilcevaz Yöresi Söz Varlığı Dil İncelemesi, Donatella Troncarelli,AKADEMİK KİTAPLAR," 143,00"
English Step By Step Revised 6th Edition (Workbook+Student's Book), Veysi Sevinçli,SİYASAL KİTABEVİ," 136,50"
Let's Fly 2, İ. Hakkı Mirici,NSN YAYINEVI," 32,50"
el-Gaznevi ve Eseri el-Bedi fi'l-İrab Metodu ve Nahiv Açısından Önemi, Pelin Ayla,RAVZA YAYINLARI," 68,00"
Yabancı Dil Olarak Türkçe Öğretiminde Dil Öğrenme Stratejileri, Nurşen Berk,KESİT YAYINLARI," 187,00"
GAMEnglish Book B+12 Posters, Hatice Arslan Sözüdoğru,NÜANS YAYINEVİ," 187,20"
Türkçeyi Yabancı Dil Olarak Öğrenen Yetişkinler İçin Türkçe- Arapça Çift Alfabeli İlk Okuma Yazma,Dr. Semra Ayyılmaz,TÖMER," 314,51"
İngilizce Ticari Yazışma El Kitabı,Dr. Kübra Şengül,EKİN KİTABEVİ YAYINLARI," 314,51"
E.G.P English Grammer For Proficiency & Yeterlilik Sınavları İçin İngilizce, Burçin Hasanbaşoğlu,SİYASAL KİTABEVİ - HAZIRLIK," 318,76"
New HSK Mock Tests and Analyses Level 1 +MP3 CD (Çince Yeterlilik Sınavı), Kolektif ,NÜANS YAYINEVİ," 1.198,53"
Olivia and the Bad Boys +CD (Magic Adventures 1), A. Ashley,E-FUTURE," 221,01"
Traffico in centro +CD - İtalyanca Okuma Kitabı Temel Seviye (A1-A2), Fatih Tekin,EDILINGUA," 446,26"
Gramatica Explicada + Soluciones, Chen Xiang,NÜANS YAYINEVİ," 314,51"
Sun Bubbles (PYP Readers 2), Jason Wilburn,E-FUTURE," 548,08"
Grammatica della Lingua Italiana (5-E-29), M. Edip Çağmar,YENİ ZAMANLAR SAHAF (2. El Kitaplar)," 204,99"
Alıştırmalarla Belagat, Kerim Açık,YENİ ZAMANLAR DAĞITIM," 18,00"
Gurfet'u Nevm Heno El-Cedide (Arapca Hikaye ), Denise Kirby,KAPADOKYA KİTABEVİ," 80,75"
Racing the Tide + CD (Nuance Readers Level-5), Savaş Uner,NÜANS YAYINEVİ," 32,76"
The Emperor's New Clothes (Cd Ekli), Alessandro de Giuli ,ENGİN YAYINEVİ," 112,50"
Arapça Lisana Giriş, Ciro Massimo Naddeo,KİTAP KALBİ YAYINCILIK," 360,41"
Dolce vita +Audio online (B1-B2) -Nuova edizione, Savaş Şenel,ALMA," 91,00"
Yabancı Dil Serüvenimiz, İrfan Işık,ASMAALTI YAYINEVİ," 52,00"
Haydi Arapça Öğrenelim Set (5 Kitap), Virgilio Borobio,MEKTEP YAYINLARI," 510,01"
ELE ACTUAL B1 Cuaderno de ejercicios +CD, Ramon Palencia,SM YAYINLARI," 187,00"
GAMEnglish Book C +12 posters, Burçin Hasanbaşoğlu,NÜANS YAYINEVİ," 443,30"
Türkiye Türkçesinin Ses Düzeni Türkiye Türkçesinde Sesler (11-E-14),Prof. Dr. Ömer Demircan,YENİ ZAMANLAR SAHAF (2. El Kitaplar)," 1.062,53"
Piccolo e forte! A +CD (Çocuklar için İtalyanca), Lucia Maddii,EDILINGUA," 433,51"
Dale al nuevo DELE! B2, Maria Carla Borgogni,NÜANS YAYINEVİ," 365,51"
Contemporary Chinese 1 Textbook (Revised Edition) (Çince Ders Kitabı), Nitzia Tudela,NÜANS YAYINEVİ," 221,01"
New HSK Mock Tests and Analyses Level 4 +MP3 CD (Çince Yeterlilik Sınavı), Ernesto Puertas,NÜANS YAYINEVİ," 1.168,78"
One Size (PYP Readers 3), Wu Zhongwei,E-FUTURE," 310,26"
Nuovo Espresso 2 Formun Üstü (A2) İtalyanca Orta-Alt Seviye, Chen Xiang,ALMA," 871,27"
Easy Learning Spanish Verbs (3rd Ed), Kolektif ,NÜANS YAYINEVİ," 276,26"
Nuovo Magari B2 +CD audio, Carlo Guastalla,ALMA," 981,77"
La rossa +audio online (A1-A2), Alessandro de Giuli ,ALMA," 446,26"
Write Right 3 with Workbook, Ciro Massimo Naddeo,NÜANS YAYINEVİ," 518,51"
Insight Link Starter 1, Giovanni Ducci,BUILD & GROW," 556,14"
Everyone Speak! Beginner 3 with Workbook, Patrick Ferraro,BUILD & GROW," 540,02"
İngilizce Bulmacalar Seti (5 Kitap), Shawn Despres,KARBON KİTAPLAR," 175,52"
Ahmed ve Dirsu'l-Akl (Arapca Hikaye), MyAn Thi Le ,KAPADOKYA KİTABEVİ," 18,00"
Arapça Konuşma Kaygısı, Danielle Bass,AKDEM YAYINLARI," 78,00"
Türkisch-Deutsches Wörterbuch & mit Transcription des Türkischen, Shawn Despres,SON ÇAĞ YAYINLARI-AKADEMİK," 83,13"
Opi Turkkia Türkçe Öğren 3 Kitaplı Özel Set, Alev Yıldırım,PERGOLE YAYINLARI," 357,50"
New Let's Cope the Cope, Kerim Açık,SİYASAL KİTABEVİ - HAZIRLIK," 46,80"
Miracle Flashcards Charts Household Objects (45 Cards),Doç. Dr. Sevim Özdemir,MK PUBLİCATİONS," 67,50"
101 Chinese Two-Part Allegorical Sayings, Okan Celal Güngör,SINOLINGUA," 187,00"
Mediterranea (libro + mp3 online), Mesut Güreş,ALMA," 446,26"
Subject Link 8, Deniz Göktepe Salttürk,BUILD & GROW," 556,14"
Easy Learning English Conversation 1 +CD (2nd Edition), Kolektif ,COLLINS CLASSIC," 310,26"
Easy Learning Complete German, Yin Binyong,HARPER COLLINS," 453,75"
Graded Chinese Reader 1500 Words +MP3 CD (Çince Okuma), Alessandro de Giuli ,SINOLINGUA," 314,51"
Stones and Stars (PYP Readers 4), Ciro Massimo Naddeo,E-FUTURE," 221,01"
Grammatica della lingua italiana per stranieri B1-B2, Roberto Tartaglione,ALMA," 790,52"
Mosaico Italia +CD (İtalyanca İleri Seviye), Angelica Benincasa,EDILINGUA," 548,26"
Arrivederci 2 (Ders Kitabı ve Çalışma Kitabı +CD), M. De Biasio,EDILINGUA," 871,27"
"Uno, Dos, Tres... ya! 2 Cuaderno de actividades (Etkinlik Kitabı) 7-10 yaş İspanyolca Temel Seviye", P. Garofalo,NÜANS YAYINEVİ," 646,02"
"Uno, Dos, Tres... ya! 1 Cuaderno de actividades (Etkinlik Kitabı) 7-10 yaş İspanyolca Temel Seviye", Federica Colombo,NÜANS YAYINEVİ," 590,76"
Cobuild Intermediate English Grammar + CD-ROM, Cinzia Faraci,NÜANS YAYINEVİ," 514,26"
Roma 2050 d.C. (L'italiano con i fumetti- Livello:A1) İtalyanca Okuma Kitabı, Pierpaolo De Luca ,ALMA," 510,01"
Dale al nuevo DELE! B1, Maria de los Angeles Palamino,NÜANS YAYINEVİ," 1.045,52"
Türkçe Öğrenme, Maria de los Angeles Palamino,ÜNİVERSİTELİ KİTABEVİ," 185,90"
El Muderrecul Basit Fi İlmin Nahiv 2, Cobuild ,RAĞBET YAYINLARI," 134,06"
15 Dakikada Çince / Cd Ekli, C. Massimo Naddeo,ALFA YAYINLARI," 92,82"
Ya 'İydu'l-Beyd (Arapca Hikaye ), Carlo Guastalla,KAPADOKYA KİTABEVİ," 18,00"
Başarının Anahtarları, Nitzia Tudela,AKDEM YAYINLARI," 56,00"
Türkçeye Yolculuk A2 Ders Kitabı / A2 Çalışma Kitabı, Ernesto Puertas,KESİT YAYINLARI," 147,88"
Türkçeye Yolculuk B2 Ders Kitabı / B2 Çalışma Kitabı, Nur Üçer,KESİT YAYINLARI," 147,88"
Arapça Yarışmaları Etkinlik Metinleri,Doç. Dr. Mustafa Kırkız,AKDEM YAYINLARI," 75,00"
Let's Fly 4,Doç. Dr. Ousame Ekhtiar,NSN YAYINEVI," 51,56"
Kolay Arapça Öğrenim Seti - Dinleyerek Hızlı Arapça (3. Kitap İleri Düzey), Kerim Açık,KİŞİSEL YAYINLAR," 32,76"
Goldilocks and the Three Bears (Cd Ekli), Osman Düzgün,ENGİN YAYINEVİ," 382,51"
Food-Drink Miracle Flashcards (45 Cards), Kolektif ,MK PUBLİCATİONS," 67,50"
Eski Tarz Şiirler, Faik Ali Ozansoy,AKADEMİ TİTİZ YAYINLARI," 63,38"
Garip Kelimeler Sözlüğü (2. Cilt), Ebu’l-Fadl Muhammed B. Ebî Ca’fer El-Heravî ,FİDAN," 93,60"
Ele Actual B2 Libro Del Alumno (Con Licencia Digital), Virgilio Borobio,SM YAYINLARI," 892,52"
Farsça-Türkçe Sözlük (11-E-16), Ramon Palencia,YENİ ZAMANLAR SAHAF (2. El Kitaplar)," 299,99"
Türkçe Konuşuyoruz-1 Temel Düzey (A1-A2), İbrahim Olgun,ALTINORDU YAYINLARI," 52,00"
Lao Zi Says (Wise Men Talking Series) Çince Okuma, Cemşit Drahşan,NÜANS YAYINEVİ," 187,00"
Graded Chinese Reader 500 Words +MP3 CD (Çince Okuma), İbrahim Doğukan Demirel,SINOLINGUA," 289,01"
Dylan Dog -Jack lo squartatore (İtalyanca Okuma Kitabı Orta Seviye) B1-B2, Cai Xiqin,EDILINGUA," 323,01"
"Uno, Dos, Tres... ya! 2 Libro del alumno (Ders Kitabı +Audio descargable) 7-10 Yaş İspanyolca Temel Seviye", Shi Ji,ENCLAVE-ELE," 1.049,77"
Parole Crociate 1 Elementare (İtalyanca Bulmacalar - Temel Seviye), A. Cagli,ALMA," 446,26"
Habemus Papam (L'italiano con i fumetti- Livello: B1) İtalyanca Okuma Kitabı, P. Diadori,ALMA," 510,01"
Una storia italiana (L'italiano con i fumetti- Livello: A1-A2) İtalyanca Okuma Kitabı, E. Spinosa,ALMA," 510,01"
Un giorno diverso +CD - İtalyanca Okuma Kitabı Orta Seviye (A2-B1), Maria de los Angeles Palamino,EDILINGUA," 318,76"
Grammar in Focus 2 with Workbook +CD, C. Massimo Naddeo,BUILD & GROW," 552,51"
En acción 2 Libro del alumno (Ders Kitabı +2 Audio descargable) İspanyolca Orta Seviye, Alessandro de Giuli ,NÜANS YAYINEVİ," 1.355,78"
A New Girl in School +CD (Magic Adventures 1), C. Massimo Naddeo,E-FUTURE," 314,51"
Where Does the Seed Go? (PYP Readers 1), Carlo Guastalla,E-FUTURE," 221,01"
Via del Corso A2 Libro dello studente ed esercizi +2CD audio +DVD, C. Massimo Naddeo,EDILINGUA," 1.020,02"
Espresso ragazzi 1 (A1), Carlo Guastalla,ALMA," 1.022,50"
Finliler İçin Türkçe Alıştırma Kitabı, Mesut Güreş,PERGOLE YAYINLARI," 130,00"
İmam Hatip Liselerinde Arapça Öğretimi Sempozyumu (İstanbul 24-25 Aralık 2011), Kolektif ,AKDEM YAYINLARI," 64,00"
Kolay Arapça Öğrenim Seti - Dinleyerek Hızlı Arapça (2. Kitap Orta Düzey), Memiş Tekin,KİŞİSEL YAYINLAR," 51,56"
Let's Fly 3, Nurşen Berk,NSN YAYINEVI," 112,00"
Arap Dilinde Lafız-Mana İlişkisi İşlevsel Anlam-Cümle Anlamı İlişkisi Üzerine Bir İnceleme, Bünyamin Aydın,M.Ü. İLAHİYAT FAKÜLTESİ VAKFI YAYINLARI," 118,30"
Başkurt Dili Grameri,Prof. Dr. İsmet Biner,AKADEMİ TİTİZ YAYINLARI," 280,51"
Así me gusta 2 Libro del alumno (Ders Kitabı) İspanyolca Orta Seviye, Kolektif ,NÜANS YAYINEVİ," 136,50"
Easy Teaching and Learning English, Ahmet Aslan,LİTERATÜRK ACADEMİA," 476,01"
Common Chinese Patterns 330, Ali Kemal Aslan,SINOLINGUA," 382,51"
Vocabulario A2 De las palabras al texto +CD, Ru Chen ,SM YAYINLARI," 93,60"
Garip Kelimeler Sözlüğü (1. Cilt), Marta Higueras,FİDAN," 29,25"
Scooby-Doo İle İngilizce Öğrenin 10. Kitap, Ebu’l-Fadl Muhammed B. Ebî Ca’fer El-Heravî ,ARTEMİS YAYINLARI," 467,51"
Afazi Terapisinde Semantik Özellikler Analizi, Kolektif ,DETAY YAYINCILIK," 221,01"
Türkiye Türkçesinde Biçimbirimler (11-E-13), İbrahim Can Yaşa,YENİ ZAMANLAR SAHAF (2. El Kitaplar)," 221,01"
New HSK Mock Tests and Analyses Level 6 +MP3 CD (Çince Yeterlilik Sınavı), Oya Adalı,NÜANS YAYINEVİ," 1.419,53"
Mountain Top (PYP Readers 6), Chen Xiang,E-FUTURE," 1.020,02"
Whaletorium (PYP Readers 3), Edward Zrudlo,E-FUTURE," 1.190,03"
Generacion 3.0 A2-B1 Libro del alumno +Audio descargable, Kolektif ,ENCLAVE-ELE," 1.164,53"
Tekellem 3, Mahmud Süleyman,AKDEM YAYINLARI," 156,00"
Asdika Ceren (6 Kitap), Bestami Yazgan,AKDEM YAYINLARI," 80,00"
Dirasat Fi’l-Lehecati’l-Arabiyyeti’l-Mahkiyye Fi Turkiya / Studıes On Arabıc Dıalects Spoken In Turkey, Yaşar Acat,AKDEM YAYINLARI," 75,00"
Opi Turkkia Türkçe Öğren Kendi Kendine Öğrenenler İçin, Mesut Güreş,PERGOLE YAYINLARI," 162,50"
Anadili Türkçe Olanlara Arapça Öğretimi,Dr. Hüseyin Polat,MÜTERCİM KİTAP," 120,00"
Türkçeye Yolculuk C1 Ders Kitabı / C1 Çalışma Kitabı, Kolektif ,KESİT YAYINLARI," 156,33"
Reader at Work I, Alev Yıldırım,ODTÜ GELİŞTİRME VAKFI YAYINCILIK," 76,44"
Reader at Work II, Murat Kurt,ODTÜ GELİŞTİRME VAKFI YAYINCILIK," 87,36"
İngilizce Bulmacalar Seti (4 Kitap),Dr. Şener Şahin,KARBON KİTAPLAR," 108,01"
English Grammar Today Türkçe Açıklamalı İngilizce Gramer,Prof. Dr. Hüseyin Günday,MK PUBLİCATİONS," 208,80"
Arapça Modern Metin Okumaları, İsmail Güler,ALFA YAYINLARI," 162,00"
Arapça Dilbilgisi / Nahiv,Dr. Mustafa Meral Çörtü,M.Ü. İLAHİYAT FAKÜLTESİ VAKFI YAYINLARI," 96,60"
Osmanlı Türkçesi Kılavuzu-1, Hayati Develi,KESİT YAYINLARI," 112,80"
50 Soruda Dil Öğrenme, Cem Balçıkanlı,BİLİM VE GELECEK KİTAPLIĞI," 63,79"
Türkçe Çevirileriyle Arapça Seçme Hikayeler 1. Kitap, Erkan Afşar,AKDEM YAYINLARI," 118,80"
Übungen Zur Deutschen Grammatık / Almanca Dil Bilgisi Araştırmaları,Dr. Musa Yıldız,SAKARYA YAYINCILIK," 195,49"
Her Yönüyle Modern Almanca,Dr. Eyüp Zengin,NİKA YAYINEVİ," 221,60"
Arapça Dil Bilgisini En Kolay Öğreten Kitap Sarf,Prof. Dr. Dursun Zengin,ENSAR NEŞRİYAT," 146,00"
Arapça Dilbilgisi / Sarf, Abdulhakim Önel,M.Ü. İLAHİYAT FAKÜLTESİ VAKFI YAYINLARI," 110,50"
"Mecmuat'üs Sarf & Emsile, Bina, Maksud, İzzi", Kübra Temel,ŞİFA YAYINEVİ," 105,12"
Başlangıç ve Orta Düzey İçin Modern Öğreten İngilizce, Metin Gökçe,YAKAMOZ YAYINCILIK," 81,00"
Japonca Dil Kartları,Dr. Mustafa Meral Çörtü,DELTA KÜLTÜR YAYINEVİ," 35,04"
Osmanlıca Kitabe Okuma Rehberi (Örnek Çözümlü), Çiğdem Dürüşken,HAYRAT VAKFI YAYINLARI," 17,16"
Ali Baba And The Forty Thieves (İngilizce Türkçe Karşılıklı Hikayeler), Sarah Sweeney,DORLİON YAYINEVİ," 30,10"
Arapça Cümle Kuruluşu Ve Tercüme Tekniği,Prof. Dr. Serkan Şen,M.Ü. İLAHİYAT FAKÜLTESİ VAKFI YAYINLARI," 78,00"
Descartes Latince Öğreniyor & Felsefecilere Özel Latince, John Steinbeck,ALFA YAYINLARI," 162,00"
A Snowy Day, Cesur Öztürk,REDHOUSE KIDZ YAYINLARI," 27,00"
Eski Uygur Türkçesi Dersleri,Dr. Mustafa Meral Çörtü,KESİT YAYINLARI," 77,60"
The Pearl / Stage-6 (CD'siz) (İngilizce Hikaye), Erdem Karabulut,KAPADOKYA KİTABEVİ," 16,50"
Fransızca Dil Kartları,Prof. Dr. Hüseyin Tural,DELTA KÜLTÜR YAYINEVİ," 35,04"
Building Skills for Proficiency, İbrahim Aybek,PELİKAN YAYINLARI," 332,80"
Arapça Dilbilgisi Sarf-Nahiv Edatlar,Prof. Dr. Muharrem Ergin,M.Ü. İLAHİYAT FAKÜLTESİ VAKFI YAYINLARI," 112,00"
Almanca Dilbilgisi ve Sınav Rehberi, İbrahim Oruç,PELİKAN YAYINLARI," 210,00"
Arapça Gramer ve İ‘rab Teknikleri, Kolektif ,M.Ü. İLAHİYAT FAKÜLTESİ VAKFI YAYINLARI," 117,00"
Plus A1, Murat Kurt,MK PUBLİCATİONS," 75,00"
Das Letzte Platzchen (Seviye 1) (Almanca Hikaye), Michael Wolfgang,KAPADOKYA KİTABEVİ," 16,50"
Yunanca Gramer Diyaloglar, Sharon Hurst,DERİN YAYINLARI," 124,80"
Plus A2, Tekin Gültekin,MK PUBLİCATİONS," 75,00"
Almanca Aile Birleşimi Ve A.1.1/A.1.2 Dil Seviyesi İçin Ders Kitabı, Michael Wolfgang,NİKA YAYINEVİ," 172,80"
Treasure Hunt,Prof. Dr. Dursun Zengin,REDHOUSE KIDZ YAYINLARI," 27,00"
Osmanlıca Öğreniyorum, Sarah Sweeney,METROPOL YAYINLARI," 58,50"
Çince Dil Kartları, Hasan Koç,DELTA KÜLTÜR YAYINEVİ," 35,04"
Great Expectations / Stage-6 (CD'siz) (İngilizce Hikaye), Charles Dickens,KAPADOKYA KİTABEVİ," 18,00"
Arapça Dersleri (4 cilt Takım) Durusu'l-Luğati'l-Arabiyye,Dr. F. Abdurrahim,RAVZA YAYINLARI," 156,00"
Little Woman / Stage 4 (İngilizce Hikaye), Louisa May Alcott,DORLİON YAYINEVİ," 30,10"
Uygulamalı Çeviri Rehberi / İngilizce-Türkçe Türkçe-İngilizce, İ. Hakkı Mirici,SİYASAL KİTABEVİ - HAZIRLIK," 126,00"
Practising English Grammar & Elementary to Advanced With Answers, F. Özlem Saka,PELİKAN YAYINLARI," 12,58"
Miftahu’l-Arabiyye - Başlangıç Seviyesi Okuma-Yazma, Abidin Coşkun,AKDEM YAYINLARI," 195,00"
Rusça Fiil Dünyası, Kolektif ,BEŞİR KİTABEVİ," 278,85"
Modern İbranice Dilbilgisi, Susanna Margaryan,M.Ü. İLAHİYAT FAKÜLTESİ VAKFI YAYINLARI," 78,00"
Fundamentals of Academic English, Eldar Hasanov,PELİKAN YAYINLARI," 328,13"
The Jones Family & 1. Stage (CD'siz) (İngilizce Hikaye), Cesur Öztürk,KAPADOKYA KİTABEVİ," 15,90"
Muttertag (Seviye 1) (Almanca Hikaye), Sharon Hurst,KAPADOKYA KİTABEVİ," 18,00"
Dinin Anlamı ve Sosyal Fonksiyonu, Sharon Hurst,LİTERATÜRK ACADEMİA," 136,50"
Kendi Kendine Pratik Arapça Konuşma Kılavuzu,Prof. Dr. Mehmet Maksutoğlu,ENSAR NEŞRİYAT," 62,05"
Farsça Öğrenim Seti 3 (Seviye Orta) Binbir Gece Masalları / Tüccar ile İfrit Hikayesi, Anonim ,SAY YAYINLARI," 39,00"
İngilizce'de Zamanlar, Murat Kurt,MK PUBLİCATİONS," 217,50"
Arapça Dilbilgisi - Nahiv, Zeynep Atay,KİTAP KALBİ YAYINCILIK," 90,00"
Farsça Seçme Metinler,Doç. Dr. Nusrettin Bolelli,M.Ü. İLAHİYAT FAKÜLTESİ VAKFI YAYINLARI," 90,73"
Arapça'da İsim ve Fiil Çekimleri, Mehmet Hengirmen,KİTAP KALBİ YAYINCILIK," 120,00"
İngilizce Konuşma Kılavuzu, Murat Serdar Şadoğlu,ENGİN YAYINEVİ," 39,00"
Arapça Öğrenenler İçin Kolay Dilbilgisi, Mustafa Güleç,AKDEM YAYINLARI," 92,40"
Hollandaca Dil Kartları, Emre Özmen,DELTA KÜLTÜR YAYINEVİ," 35,04"
İspanyolca Gezi ve Konuşma Rehberi, Akiko Motoyoshi,DELTA KÜLTÜR YAYINEVİ," 50,05"
Japonca Konuşma Rehberi Pratik Sözlük, Micheal Houser,BOYUT YAYIN GRUBU," 74,15"
Yabancı Dil Olarak Türkçe Öğretimine Giriş, Aslı Fişekcioğlu,NOBEL AKADEMİK YAYINCILIK," 51,55"
2023 ÖABT İngilizce Öğretmenliği The Key To Success Pedagogical Grammar and Language Proficiency Kapsamlı ve Pratik Ders Notları, Sevgi Şahin,YARGI YAYINEVİ," 69,36"
Arapça Öğrenenler İçin Arapça Dini Metinler (420), Suliman Alomirat,M.Ü. İLAHİYAT FAKÜLTESİ VAKFI YAYINLARI," 90,00"
Uygulamalı Basın Arapçası,Dr. Nurettin Ceviz,AKDEM YAYINLARI," 113,85"
Çocuğum İngilizce Öğreniyor, Kemal Sinan Özmen,ALTIN KİTAPLAR AKADEMİ," 76,44"
PratiX English Speaking, Ekrem Uzbay,NİSAN KİTABEVİ," 84,00"
Essential Academic Vocabulary, Cesur Öztürk,PELİKAN YAYINLARI," 249,38"
A Systematic Approach to YDS-YÖKDİL, Cesur Öztürk,PELİKAN YAYINLARI," 259,88"
Yeni Başlayanlar İçin İngilizce (Cd İlaveli), Yılmaz Hasdemir,ALFA YAYINLARI," 175,50"
Osmanlıca Yazı Defteri, İ. Hakkı Mirici,KİTAP DÜNYASI," 39,00"
İngilizce Kelime Dağarcığını Geliştirme Rehberi, Nikolay Vasilievich Gogol,SİYASAL KİTABEVİ - HAZIRLIK," 210,00"
Mysterious Portrait / Stage 3 (İngilizce Hikaye), Talip Gülle,DORLİON YAYINEVİ," 30,10"
Vocabulary for Proficiency the Essay, Metin Uçar,PELİKAN YAYINLARI," 84,00"
Osmanlı Türkçesi Kolay Okuma Metinleri -2, Yılmaz Hasdemir,HAYRAT VAKFI YAYINLARI," 58,50"
Translation Methods Çeviri Metotları, Abdurrahman Esendemir,ALFA YAYINLARI," 152,10"
LearNihongo Japonca Dilbilgisi, Ebu'l Hasen Ali En-Nedvi ,CİNİUS YAYINLARI," 281,25"
Kolay Arapça Öğrenimi İçin Arapça-Türkçe Hikayeler (Kasasu'n-Nebiyyin) (Ciltsiz), Michael Wolfgang,RAVZA YAYINLARI," 87,75"
Plus B2-C1 - Upper Intermediate Advanced, İbrahim Mahir Çakmak,MK PUBLİCATİONS," 90,00"
Osmanlıca İmla Kitabı & Arapça ve Farsça Unsurlar, Honore de Balzac,HAYRAT VAKFI YAYINLARI," 51,84"
Innocence / Stage 2 (İngilizce Hikaye), Jonathan Swift,DORLİON YAYINEVİ," 30,10"
Gulliver / Stage 4 (İngilizce Hikaye), Michael Wolfgang,DORLİON YAYINEVİ," 30,10"
Plus B1 - Intermediate, Hakan Cihan,MK PUBLİCATİONS," 90,00"
Progress in Vocabulary / Selected Vocabulary For YDS Proficiency Toefl, Sharon Hurst,SİYASAL KİTABEVİ - HAZIRLIK," 72,00"
Açıklamalı Emsile Bina Maksud / Arapça kelime Bilgisi Sarf 1 (2 Renkli), Ali Kara,SAĞLAM YAYINLARI," 55,00"
Das Weihnachtsfest (Seviye 1) (Almanca Hikaye), Esra Doğan,KAPADOKYA KİTABEVİ," 18,00"
Arapça Fiil ve İsimlerin Çekimleri (Rahle Boy), Ayşe Gül,KİTAP KALBİ YAYINCILIK," 280,00"
Korece Gramer ve Pratik Konuşma Rehberi, Yılmaz Hasdemir,AZ KİTAP," 58,50"
Phrasal Verbs Two-Word Verbs Çok Kullanılan Deyimler, B. Orhan Doğan,ALFA YAYINLARI," 66,30"
Just Idioms In Context - Türkçe Açıklamalı İngilizce Deyimler, Murat Kurt,MK PUBLİCATİONS," 18,75"
Her Yönüyle Almanca İlgeçler,Prof. Dr. Dursun Zengin,NİKA YAYINEVİ," 158,60"
Pratik Almanca Konuşma Kılavuzu, İsmail Hakkı Aksoyak,BEŞİR KİTABEVİ," 46,48"
Osmanlı Türkçesi Okuma Kitabı, Anooshirvan  Miandji ,GRAFİKER YAYINLARI," 109,85"
Farsça Dil Kartları, Nihat Değirmenci,DELTA KÜLTÜR YAYINEVİ," 35,04"
Türkçe Çevirileriyle Farsça Kolay Metinler 1,Prof. Dr. Dursun Zengin,DEMAVEND YAYINLARI," 28,00"
Almanca Aile Birleşimi Ve A.1.1/A.1.2 Dil Seviyesi İçin Alıştırma Kitabı,Prof. Dr. Mehmet Kanar,NİKA YAYINEVİ," 216,00"
Kur'an-ı Kerim'den Fiillerle 1001 Cümle, İnci Kut,AKDEM YAYINLARI," 39,00"
Çözümlü Osmanlı Türkçesi Metinleri, Olga Tarasova,SAY YAYINLARI," 117,00"
İspanyolca Fiil Çekimleri, Ertuğrul Bostancı,İNKILAP KİTABEVİ," 79,79"
Çekirdek (Erik Çekirdeği) (Rusça Hikaye) / Seviye 1, Ertan Ardanancı,KAPADOKYA KİTABEVİ," 18,00"
80 Derste Rusça (2 CİLT) & Temel Seviyede Rusça Öğrenim Kitabı, Muhammed Sabır el-Haznevi ,KAPADOKYA KİTABEVİ," 194,35"
İngilizcede Zamanlar ve Cümle Kuruluşları 1, İmam Birgivi,İNKILAP KİTABEVİ," 143,47"
Arapça Seçme Hikayeler ve Masallar & Türkçe Çevirisiyle,Dr. Ahmad Jabbari,ENSAR NEŞRİYAT," 53,63"
Açıklamalı Avamil Ve İzhar (Renklendirilmiş Yeni Baskı),Dr. Ahmad Jabbari,SAĞLAM YAYINLARI," 71,50"
"Farsça’da En Önemli Mastarlar, Zamanlar ve Fiiller",Dr. Ali Kemal Belviranlı,PELİKAN YAYINLARI," 14,63"
Farsça Dilbilgisi & Türkçe Karşılığı ve Telaffuz ile Türk Öğrencilerine Özel (Orta Düzey), Akiko Takano,PELİKAN YAYINLARI," 14,63"
Osmanlıca Metinler Rehberi 4, Ayşe Nur Tekmen,MARİFET YAYINLARI," 42,90"
Japonca Dilbilgisi, Ertan Ardanancı,ENGİN YAYINEVİ," 144,30"
Kırmızı Çizmeli Kedi (Rusça Hikaye) / Seviye 2, Olga Tarasova,KAPADOKYA KİTABEVİ," 18,00"
İspanyolca Dilbilgisi, Rahmi Tura,FONO YAYINLARI," 288,99"
Arapça Yazı Defteri, Kolektif ,KİTAP KALBİ YAYINCILIK," 40,00"
İspanyolca Konuşma Kılavuzu - Dilbilgisi-Sözlük, Hayriye Memoğlu-Süleymanoğlu,BEŞİR KİTABEVİ," 164,45"
Modern Bulgar Dili, Erhan Süleymanoğlu,HATİBOĞLU YAYINEVİ," 50,70"
Osmanlıca-Türkçe Karşılaştırmalı Şiirler, Münevvere Kocaer,KİTAP DÜNYASI," 74,10"
Hemen Konuş İspanyolca Konuşma Kılavuzu, Şaban Şadoğlu,ALFA YAYINLARI," 17,88"
Arapça Yazı Defteri, İ. Hakkı Mirici,KARMA KİTAPLAR," 357,50"
Muvazzah Sarf İlmi (2 Cilt Takım), Funda Dağabak,EL MEKTEBETÜL MAHMUDİYYE," 208,00"
A Practical Guide to Advanced English Grammar, M. Reşid Ayda,SİYASAL KİTABEVİ - HAZIRLIK," 78,00"
Gelek Hesan e Hinbuna Kurdi & Kürtçe Öğrenmek Çok Kolay, İmren Goral,ŞEFKAT YAYINCILIK," 35,04"
Bulgarca Dil Kartları, Numan Külekçi,DELTA KÜLTÜR YAYINEVİ," 108,75"
Osmanlı Türkçesi, Tahir Deveci,SAHHAFLAR KİTAP SARAYI," 92,11"
En Önemli 1000 Sözcük Farsça & Temel Sözcük Hazinesi, Ferhat Karabulut,FONO YAYINLARI," 120,00"
Temel Almanca Dilbilgisi, Halil İbrahim Kaçar,PELİKAN YAYINLARI," 114,92"
Dilin Efsanevi Kökenleri & Kurgudan Gerçekliğe Dilin Macerası,Dr. Bassar Alafyoni,NOBEL AKADEMİK YAYINCILIK," 133,65"
Kitabu'l-Kıraat 4, Robert Louis Stevenson,M.Ü. İLAHİYAT FAKÜLTESİ VAKFI YAYINLARI," 18,00"
Treasure Island / Stage-4 (CD'siz) (İngilizce Hikaye), Kudret Savaş,KAPADOKYA KİTABEVİ," 50,70"
Pratik Almanca Konuşma Kılavuzu, Aysun Kubilay,FONO YAYINLARI," 190,97"
Dil Kartlarıyla Kolay İngilizce, Kolektif ,DAHİ ADAM," 23,40"
Aktif Arapça,Prof. Dr. Mehmet Hakkı Suçin,ENGİN YAYINEVİ," 70,20"
Türk Edebiyatından Seçmeler (Osmanlıca), Kudret Savaş,KİTAP DÜNYASI," 50,70"
Arapça Kelime Kartları (6. Sınıf), Rahşan Tek,DAMLA YAYINEVİ," 39,49"
İtalyanca Öğrenenler İçin Hikayeler (Derece 1-B) / Çok Konuşan Adam, Lewis Carroll,FONO YAYINLARI," 92,11"
Alice In Wonderland / Stage 1 (İngilizce Hikaye), Mesud Hızarcı,DORLİON YAYINEVİ," 30,10"
Osmanlıca Güzel Yazı Alıştırmaları, Jules Verne,HAYRAT VAKFI YAYINLARI," 42,90"
Mysterious Island / Stage 1 (İngilizce Hikaye), Halil İbrahim Kaçar,DORLİON YAYINEVİ," 30,10"
El-Kavaidu'l-Müşeccia Sarf 2,Prof. Dr. Ali Bulut,M.Ü. İLAHİYAT FAKÜLTESİ VAKFI YAYINLARI," 116,89"
Miller´S Daughter / Stage 2 (İngilizce Hikaye),Yard. Doç. Dr. Yılmaz Özdemir,DORLİON YAYINEVİ," 30,10"
İngilizce Gramer & English Grammar Guide (İngilizce Öğrenim Rehberi), Emile Zola,KAPADOKYA KİTABEVİ," 93,75"
İngilizce Konuşma Kılavuzu, İlknur Altun Şatıroğlu,BEŞİR KİTABEVİ," 135,85"
Rusça Okumaya Başlıyoruz, Buğrahan Germen,MULTILINGUAL YABANCI DİL YAYINLARI," 29,58"
Hungarian Mystery Stories / Stage 3 (İngilizce Hikaye), Irina  Kurlova,DORLİON YAYINEVİ," 30,10"
Dilbilim Nedir?, Ferenc Molnar,PEGEM AKADEMİ YAYINCILIK," 40,04"
History Of Don Quixote / Stage 4 (İngilizce Hikaye), Mor Jokai,DORLİON YAYINEVİ," 30,10"
Heidi Stage 4 (İngilizce Hikaye), David Crystal,DORLİON YAYINEVİ," 30,10"
Osmanlı Türkçesi Metinleri 2, Miguel de Cervantes Saavedra ,ALFA YAYINLARI-DERS KİTAPLARI," 113,40"
Osmanlı Türkçesi Grameri 3, Johanna Spyri,ALFA YAYINLARI-DERS KİTAPLARI," 147,00"
Haber Çevirisi / Arapça-Türkçe Türkçe-Arapça Anahtar Kitap,Prof. Dr. Mehmet Hakkı Suçin,OPUS YAYINLARI," 209,71"
İngilizce Öğreniyorum Seti (2 Kitap), Selim Yeniçeri,YAKAMOZ YAYINCILIK," 106,00"
Asialogy Korece Kelimeler, Kemalettin Gültekin,CİNİUS YAYINLARI," 228,75"
El-Kavaidu'l-Müşeccia Nahiv 2, Abdurrahman Esendemir,M.Ü. İLAHİYAT FAKÜLTESİ VAKFI YAYINLARI," 144,00"
Lear Nihongo Japonca Kelimeler İlk 1000 Kelime, Halil İbrahim Kaçar,CİNİUS YAYINLARI," 210,00"
"Ketlenmeler, Belirtiler Ve Anksiyete",Prof. Dr. Ali Bulut,DORLİON YAYINEVİ," 35,00"
İngilizcede En Çok Kullanılan 3000 Sözcük,Yard. Doç. Dr. Yılmaz Özdemir,FONO YAYINLARI," 139,78"
Vocabulary in Context, Abdurrahman Esendemir,NOBEL AKADEMİK YAYINCILIK," 104,78"
Yabancı Dil Öğretimi İlkeler ve Çözümler, Sigmund Freud,MULTILINGUAL YABANCI DİL YAYINLARI," 21,13"
Farsça Dilbilgisi (Nahiv ve Sarf), Bünyamin Aksoy,M.Ü. İLAHİYAT FAKÜLTESİ VAKFI YAYINLARI," 71,50"
Arapçaya Giriş, Muhammet  Servi,ENSAR NEŞRİYAT," 143,00"
Another Study Of Woman / Stage 2 (İngilizce Hikaye), Özcan Başkan,DORLİON YAYINEVİ," 30,10"
Systematic English Tests-İngilizce Test Rehberi,Doç. Dr. Nusrettin Bolelli,BEŞİR KİTABEVİ," 171,60"
Reader For All Pratik Kelime ve Okuma Yöntemleri, Abdullah Özer,PELİKAN YAYINLARI," 78,30"
101 Fantastic Fables / Stage 3 (İngilizce Hikaye), Honore de Balzac,DORLİON YAYINEVİ," 30,10"
Şiir Tadında Arapça Metinler, Ebru Yener,CANTAŞ YAYINCILIK," 124,80"
LearNihongo Japonca Alıştırmalar, Dürsedef Esirgenç,CİNİUS YAYINLARI," 210,00"
İlköğretimde Rusça (3 Kitap),Dr. Okan Önalan,MULTILINGUAL YABANCI DİL YAYINLARI," 84,50"
Dama Sabaçkoy, Arif Bulut,MULTILINGUAL YABANCI DİL YAYINLARI," 21,13"
Her Yönüyle Almanca: Bağlaçlar, Ambrose Bierce,NİKA YAYINEVİ," 158,60"
İkidillilik ve Çokdillilik,Dr. Belma Haznedar,ANI YAYINCILIK," 88,32"
Pulgarcito / İspanyolca Hikayeler Seviye 2, Charles Perrault,DORLİON YAYINEVİ," 30,10"
Türkçe - İngilizce Konuşma ve Seyahat Rehberi, Charles Perrault,LANGENSCHEİDT YAYINLARI," 144,25"
Cenicienta İspanyolca Hikayeler Seviye 3,Doç. Dr. A. Cüneyt Eren,DORLİON YAYINEVİ," 30,10"
Kolaylaştırılmış Arapça Grameri Nahiv, Olga Tarasova,RAĞBET YAYINLARI-KAMPANYA," 29,25"
Sihirli Asa (Rusça Hikaye) / Seviye3, Deniz Dolaylı Azak,KAPADOKYA KİTABEVİ," 18,00"
Herkes İçin Pratik Rusça & Baçlangıçtan İleri Düzeye 50 Derste Rusça, Yuliya Berezina Asutay,BEŞİR KİTABEVİ," 176,00"
Baltadan Lapa (Rusça Hikaye), Olga Tarasova,KAPADOKYA KİTABEVİ," 16,50"
6'dan 66'ya Herkes İçin Arapça -1,Prof. Dr. Mehmet Maksutoğlu,M.Ü. İLAHİYAT FAKÜLTESİ VAKFI YAYINLARI," 91,00"
Farsça Öğrenim Seti 8 (Seviye-İleri - İlahiname Zahide), Feridüddin Attar,SAY YAYINLARI," 39,00"
İngilizce Öğrenenler İçin Pratik Bilgiler İngilizce Öğrenme Yöntemleri, Yalçın Güden,GECE AKADEMİ," 50,70"
Kolaylaştırılmış Arapça Grameri Sarf,Doç. Dr. A. Cüneyt Eren,RAĞBET YAYINLARI-KAMPANYA," 29,25"
Yabancı Dil Öğretimi,Prof. Özcan Demirel,PEGEM AKADEMİ YAYINCILIK," 71,40"
Hacca ve Umreye Gidecekler İçin Arapça Konuşma Kılavuzu,Dr. Mustafa Meral Çörtü,M.Ü. İLAHİYAT FAKÜLTESİ VAKFI YAYINLARI," 27,00"
TOEFL Practice Book - Beginner, Fuat Başkan,PELİKAN YAYINLARI," 39,00"
A Dictionary Of English Synonyms, Ayhan Sezer,PELİKAN YAYINLARI," 23,50"
Kısasun Nebiyyin Lil-Etfal (Arapça-Küçük Boy), Hüseyin İçen,RAVZA YAYINLARI," 65,00"
Arapça Dilbilgisi Sarf-Nahiv, Ebu'l-Hesen En-Nedwi ,ENSAR NEŞRİYAT," 64,35"
Kendi Kendine Fransızca İlk Adım (Cd Ekli),Prof. Dr. Bekir Topaloğlu,FONO YAYINLARI," 256,88"
Mutlu Aile Arapça Hikayeler Serisi (4 Kitap),Prof. Dr. Hayreddin Karaman,AKDEM YAYINLARI," 78,00"
Tale of Peter Rabbit / Stage 1 (CD'siz), Beatrix Potter,ENGİN YAYINEVİ," 22,62"
Türkçeyi Koreceyle Değiştirirsek?, Jung Suk Yoo,LİKYA KİTAP," 99,84"
Pratik Arapça (Birinci Kitap), Ezgi Cengizer,FAZİLET NEŞRİYAT," 45,50"
Türk Efsaneleriyle Yabancılara Türkçe Öğretimi ve Etkinlik Örnekleri, Kolektif ,LİTERATÜRK ACADEMİA," 136,50"
Farsça Dilbilgisi 1,Dr. Müjgan Bekdaş,ALTINORDU YAYINLARI," 72,00"
Arapça Bulmaca Kitabı, Shahed Parvizikhosroshahi,MEKTEP YAYINLARI," 11,25"
İngilizce Okunuş-Söyleniş Kuralları Telaffuz ve En Çok Kullanılan 2000 Sözcük, Murat Demir,FONO YAYINLARI," 92,11"
Kuramdan Uygulamaya Yabancı Dil Olarak Türkçe Öğretiminde Ölçme ve Değerlendirme, Şükrü Meriç,PEGEM AKADEMİ YAYINCILIK," 76,44"
İtalyanca Konuşma Kılavuzu Dilbilgisi & Sözlük,Dr. Emrah Boylu,BEŞİR KİTABEVİ," 152,00"
Arapça Günlük İfadeler Sözlüğü, B. Orhan Doğan,ALFA YAYINLARI," 89,70"
Seyahat Jurnali (Osmanlıca),Dr. Şener Şahin,KİTAP DÜNYASI," 50,70"
40 Hikaye ile Arapça,Prof. Dr. Hüseyin Günday,AKDEM YAYINLARI," 132,00"
Le Match de Football / Seviye 1 (Fransızca Hikaye), Cüneyt M. Şimşek,KAPADOKYA KİTABEVİ," 16,50"
Öğreten İngilizce Dönüşümlü, Kudret Savaş,YAKAMOZ YAYINCILIK," 52,00"
More Than Reading, Sultan Şimşek,ANKARA DİL AKADEMİSİ," 250,25"
500 Soruda Nahiv & Soru ve Cevaplarla Arapça Dil Öğrenme Klavuzu, Vanessa Pageot,MUALLİM NEŞRİYAT," 88,00"
Kitabu'l-Kıraat 2, Tijen Tan,M.Ü. İLAHİYAT FAKÜLTESİ VAKFI YAYINLARI," 144,00"
Hansel and Gretel Stage 2, Ümit Işıklı,DORLİON YAYINEVİ," 30,10"
Ömer'in Çocukluğu (Osmanlıca), Ensar Aslan,KİTAP DÜNYASI," 24,00"
Arapça Yazma ve Okumaya Giriş,Öğr. Gör. Ammar Hani Sebinati,AKDEM YAYINLARI," 124,80"
Konu ve Dil Bilgisi Temelli Arapça Soru Bankası, H.Hüseyin Köksal,MEKTEP YAYINLARI," 97,50"
The Wizard Of Oz / Stage 1 (CD'siz), Enes Balı,ENGİN YAYINEVİ," 28,86"
Kitabu'l-Kıraat 3, Lyman Frank Baum,M.Ü. İLAHİYAT FAKÜLTESİ VAKFI YAYINLARI," 144,00"
En Önemli 1000 Sözcük Fransızca & Temel Sözcük Hazinesi, Halil İbrahim Kaçar,FONO YAYINLARI," 92,11"
Cep Konuşma Kılavuzu / Türkçe-Çince Telaffuzlu Gramerli Sözlük, Fuat Başkan,TİYDEM YAYINCILIK," 8,55"
TOEFL Practice Book - İntermediate, Kolektif ,PELİKAN YAYINLARI," 39,00"
Arapça Hikayeler (Hikayelerle Arapça Öğreniyorum Serisi İkinci Aşama Birinci Seviye) (Ciltli), Kolektif ,KARMA KİTAPLAR," 143,00"
İki Dillilik ve Dil Edinimi (Almanya’da Türkçe-Almanca İki Dilli Büyüyen Çocuklar Üzerine Bir İnceleme), Hasan Kaili,PEGEM AKADEMİ YAYINCILIK," 127,40"
Yunancada Sıfatlar, İstiklal Marşı Derneği ,DELTA KÜLTÜR YAYINEVİ," 57,20"
Sınıf Bilinci - Yaz, Kolektif ,TİYO YAYINLARI," 84,38"
Lehçe Dil Kartları, Stanislav Çernışov,DELTA KÜLTÜR YAYINEVİ," 35,04"
Payehali 2-2, B. Orhan Doğan,MULTILINGUAL YABANCI DİL YAYINLARI," 42,25"
İngilizce Siyasi Terimler & Political Terms and Words, Murat Kurt,ARMADA," 15,20"
Listening Reading Comprehension (Mp3 Cd ilaveli), Donna Scovell,BEŞİR KİTABEVİ," 85,80"
Ta'lim-i Kıraat 2 & Rik’a Yazı Okuma Kitabı, Vickie Pastellas,MİLENYUM YAYINLARI," 32,24"
Opposites (Antonyms) / Zıt Anlamlı Kelimeler (Cep Boy), Max Knobel,MK PUBLİCATİONS," 20,00"
404 Essential Tests For IELTS - Academic Module with MP3 Audio CD, Sharon Hurst,NÜANS YAYINEVİ," 191,25"
Muela Del Juicio De Jack (Nivel 1) (İspanyolca Hikaye),Yard. Doç. Dr. Abdurrahman Özdemir,KAPADOKYA KİTABEVİ," 16,51"
Türkçe Arapça Tercüme Teknikleri Başlangıç Düzeyi,Prof. Dr. Mehmet Maksutoğlu,AKDEM YAYINLARI," 101,40"
Arabic in English & Student's Book,Prof. Dr. Mehmet Maksutoğlu,M.Ü. İLAHİYAT FAKÜLTESİ VAKFI YAYINLARI," 81,00"
İmam Hatipler İçin Resimli Arapça Kelime Kartelası,Öğr. Gör. Ahmet er-Ruhban  ,MEKTEP YAYINLARI," 36,80"
Kitabu'l-Kıraat 1,Öğr. Gör. Mu’tasım Hamad ,M.Ü. İLAHİYAT FAKÜLTESİ VAKFI YAYINLARI," 144,00"
Kendi Kendine Hızlı Almanca 1. Basamak, Kolektif ,FONO YAYINLARI," 419,12"
Tom Jones / Stage 4, Henry Fielding,ENGİN YAYINEVİ," 28,86"
İngilizce Kare Bulmacalar 2, Deniz Meriç,FONO YAYINLARI," 37,18"
Arapça Hikayeler (Hikayelerle Arapça Öğreniyorum Serisi İkinci Aşama İkinci Seviye) (Ciltli), Kolektif ,KARMA KİTAPLAR," 143,00"
Vegetable Stories / Stage 1 CD'siz (İngilizce Hikaye ), Sharon Hurst,KAPADOKYA KİTABEVİ," 18,00"
6'dan 66'ya Herkes İçin Arapça -4,Prof. Dr. Mehmet Maksutoğlu,M.Ü. İLAHİYAT FAKÜLTESİ VAKFI YAYINLARI," 91,00"
A Pair of Blue Eyes / Stage 5 (İngilizce Hikaye)Cd li, Thomas Hardy,ENGİN YAYINEVİ," 35,10"
Osmanlı Türkçesi Öğrenim Rehberi,Doç. Dr. H. Hüsnü Koyunoğlu,MOSTAR," 75,79"
Görsel-İşitsel Çeviri Eğitimi,Dr. Mümtaz Kaya,SİYASAL KİTABEVİ," 127,40"
Japonca İfade Kalıpları, A. Şirin Okyayuz,LİTERATÜRK ACADEMİA," 227,50"
Pratik Arapça Konuşma Kılavuzu, Okan Haluk Akbay,FONO YAYINLARI," 190,97"
Kendi Kendine Hızlı İngilizce 2. Basamak, Kolektif ,FONO YAYINLARI," 419,12"
İngilizce Coğrafi ve Tarihi Terimler & Geographical and Historical Terms Words,Prof. Dr. Mehmet Maksutoğlu,ARMADA," 15,20"
6'dan 66'ya Herkes İçin Arapça -3, Beatrix Potter,M.Ü. İLAHİYAT FAKÜLTESİ VAKFI YAYINLARI," 91,00"
Tale of Peter Rabbit CD’li (Stage 1) / Gold Star Classics, Kudret Savaş,ENGİN YAYINEVİ," 35,10"
Çocuk Şiirleri (Osmanlıca), Tekin Gültekin,KİTAP DÜNYASI," 23,44"
Osmanlı Türkçesi Öğrenim Seti Çözümlü Metinler 8 (Seviye-İleri), Thomas Hardy,SAY YAYINLARI," 40,00"
"The Return of the Native (CD,li) / Stage 5 (İngilizce Hikaye)", Kolektif ,ENGİN YAYINEVİ," 35,10"
"Kelime Çarkları Seti 5 Dilde Temel Kelimeler (İngilizce, Almanca, İspanyolca, Fransızca, İtalyanca)", Metin Gökçe,NÜANS YAYINEVİ," 85,00"
Pocahontas (Pocahontas) İspanyolca Türkçe Bakışımlı Hikayeler, Kolektif ,DORLİON YAYINEVİ," 30,10"
İngilizce Deyimsel Fiiller (Phrasal Verbs), Ersin Kaya,ENGİN YAYINEVİ," 74,10"
Rüya (Derece 1), M. Ersoy Uçar,FONO YAYINLARI," 92,11"
Hızlı ve Pratik Gürcüce Konuşma El Kitabı, Cynthia Y. Ning,KAPADOKYA KİTABEVİ," 39,00"
Almanlar İçin Türkçe Dil Kartları, John S. Montanaro,DELTA KÜLTÜR YAYINEVİ," 35,04"
Writing Factor, Jane Bowring,PELİKAN YAYINLARI," 19,01"
Encounters 1 Character Writing Workbook (Çince), Ali İhsan Aksamaz,SINOLINGUA," 365,51"
Cousins and Crocodiles + CD (Nuance Readers Level-1), Yıldız Deveci Bozkuş,NÜANS YAYINEVİ," 63,75"
Kendi Kendine İtalyanca İlk Adım (Cd Ekli), Sayat Bazaryan,FONO YAYINLARI," 256,88"
Oscar Wildedan Hikayeler (Derece 4), Yusuf Şahin,FONO YAYINLARI," 92,11"
Laz Dili Temel Dersleri, Halil İbrahim Kaçar,BELGE YAYINLARI," 63,11"
Doğu Ermenicesi Dil Kartları,Prof. Dr. Ali Bulut,DELTA KÜLTÜR YAYINEVİ," 35,04"
Yabancı Dilde Ölçme ve Değerlendirme,Yard. Doç. Dr. Yılmaz Özdemir,PEGEM AKADEMİ YAYINCILIK," 65,52"
Prens ve Arkadaşı (Derece 3), Halil İbrahim Kaçar,FONO YAYINLARI," 92,11"
El-Kavaidu'l-Müşeccia Sarf 1,Prof. Dr. Ali Bulut,M.Ü. İLAHİYAT FAKÜLTESİ VAKFI YAYINLARI," 138,60"
El-Kavaidu'l-Müşeccia Nahiv 1,Yard. Doç. Dr. Yılmaz Özdemir,M.Ü. İLAHİYAT FAKÜLTESİ VAKFI YAYINLARI," 120,60"
Kur'an Dili Arapça, Hüseyin Küçükkalay,MUARRIB," 66,50"
Osmanlı Türkçesi İmla Kitabı & Türkçe Unsurlar, Abdullah Karaarslan,HAYRAT VAKFI YAYINLARI," 50,40"
Türk Dili ve Kompozisyon / Zeynep Korkmaz, İbrahim Mahir Çakmak,EKİN KİTABEVİ YAYINLARI," 165,60"
Stories / Stage 1, Kolektif ,DORLİON YAYINEVİ," 30,10"
Gemuse Geschichten / Stufe 1 (Almanca Hikaye), Anton Çehov,KAPADOKYA KİTABEVİ," 16,50"
Osmanlıca Rehberi 1, İlkay Karaca,MARİFET YAYINLARI," 42,90"
Master And Man / Stage 4 (İngilizce Hikaye),Dr. Ali Kemal Belviranlı,DORLİON YAYINEVİ," 30,10"
Propisi Dlya Obucheniya Pis'mu – Rusça El Yazısı Pratik Defteri, Lev N. Tolstoy,NÜANS YAYINEVİ," 60,45"
Fransızca Sözcük Bilgisi, Liudmila Nosova Kural,DELTA KÜLTÜR YAYINEVİ," 85,80"
Osmanlı Türkçesi-1, Olesia Gorbunova Öner,AKADEMİK KİTAPLAR," 109,85"
Frankenstein (Stage 4 B1), Duran İçel,MK PUBLİCATİONS," 24,00"
Yaygın Eşdizimleriyle Arapçada Anahtar Fiiller,Prof. Dr. Mustafa Özkan,HİKMETEVİ YAYINLARI," 93,60"
YDS İkizi 2 Özgün Deneme Sınavı Dijital Çözümlü,Doç. Dr. Hatice Tören,PELİKAN YAYINLARI," 26,33"
Advanced Translation Practice, Mary Shelley,NOBEL AKADEMİK YAYINCILIK," 84,50"
İngilizce Dilbilgisi Pratik Konuşma İş İngilizcesi, Mustafa Demir,AKADEMİ TİTİZ YAYINLARI," 549,25"
Robin Hood (Stage 3 A2), Gürcan Günay,MK PUBLİCATİONS," 24,00"
Kendi Kendinize Pratik Almanca Konuşma Kılavuzu (Sözlük İlaveli), Nevzat Kalay,KARANFİL YAYINLARI," 32,00"
Peter Pan /Stage 1 A1,Dr. Gözde Mert,MK PUBLİCATİONS," 22,50"
Arapça Dil Serisi / Silsiletü'l-Lisan & Orta Seviye 1, J. Walker McSpadden,FSM VAKIF ÜNİVERSİTESİ YAYINLARI," 272,00"
Anadile Eğilim, Kolektif ,TİYO YAYINLARI," 67,50"
Nasreddin Hoca Fıkraları 1, J. M. Barrie,YEDİTEPE YAYINEVİ," 23,10"
Turizm'de Rusça (Cd'li), L. B. Truşina,MULTILINGUAL YABANCI DİL YAYINLARI," 33,80"
Farsça Dilbilgisi (Metin-Gramer-Konuşma-Test-Konulu Sözlük) Telaffuz ile & Türk Öğrencilere Özel (Temel Düzeyi), L. L. Vohmina,SİYASAL KİTABEVİ - HAZIRLIK," 78,00"
Little Red Cap Stage 1,Dr. Ahmad Jabbari,DORLİON YAYINEVİ," 30,10"
Yasmins Neues Zimmer (Seviye 1) (Arapca Hikaye), Grimm Brothers,KAPADOKYA KİTABEVİ," 18,00"
Sağlık Arapçası, Sharon Hurst,BEŞİR KİTABEVİ," 128,70"
Davay! 1 (A1) Propisi (Давай! 1 (A1) Прописи ) Rusça El Yazısı Pratik Defteri, İbrahim Şaban,NÜANS YAYINEVİ," 40,30"
El Doctor Jekyll Y El Senor Hyde (Dr. Jekyll ve Bay Hyde) İspanyolca Türkçe Bakışımlı Hikayeler, Abdulsattar Elhajhamed,DORLİON YAYINEVİ," 30,10"
Arapça Dil Serisi / Silsiletü'l-Lisan & Başlangıç Seviyesi 2, Inga Mangus,FSM VAKIF ÜNİVERSİTESİ YAYINLARI," 272,00"
Türk Dili Tarihi, Robert Louis Stevenson,ALFA YAYINLARI," 74,10"
Yaygın Eşdizimleriyle Arapçada Anahtar Fiiller, Kolektif ,AKDEM YAYINLARI," 101,40"
Creatures That Once Were Men Stage 4 (İngilizce Hikaye), Muhammed Abs,DORLİON YAYINEVİ," 30,10"
El-Kavaidu'l-Müşeccia Nahiv 3, Muhammed el-Ebraş,M.Ü. İLAHİYAT FAKÜLTESİ VAKFI YAYINLARI," 144,00"
Fifty Famous Stories Retold / Stage 2-3, Amir es-Sibai,ALTER YAYINCILIK," 28,60"
La Petite Sirene Deniz Kızı / Fransızca Hikayeler Seviye 3, Mü'min el-Annan,DORLİON YAYINEVİ," 30,10"
Sam's New School & 1. Stage (CD'siz) (İngilizce Hikaye), Ahmet Caferoğlu,KAPADOKYA KİTABEVİ," 18,00"
Arapça Kelime Kartları (5. Sınıf), H.Hüseyin Köksal,DAMLA YAYINEVİ," 43,88"
Osmanlıca İmla Rehberi 2, Enes Balı,MARİFET YAYINLARI," 42,90"
Örnekli Türkmence Gramer (Türkmence Öğrenenler İçin), Maksim Gorki,KURGAN EDEBİYAT," 52,40"
Görsel Arapça, Halil İbrahim Kaçar,AKDEM YAYINLARI," 78,00"
Step Up Advanced English Vocabulary,Prof. Dr. Ali Bulut,PELİKAN YAYINLARI," 64,35"
Rusça Dilbilgisi, Nilüfer Köksal,ENGİN YAYINEVİ," 144,30"
Sleeping Beauty / Stage 1 (İngilizce Hikaye), Fairy Tales,KAPADOKYA KİTABEVİ," 18,00"
İngilizce-Türkçe Garantili Gramer,Assist. Prof. Dr. Hasan Sebuktekin,GAZİ KİTABEVİ," 134,75"
Peter Pan (Stage 3 A2),Doctorand  Sibel Sebuktekin,MK PUBLİCATİONS," 24,00"
Türkçe Temel Dilbilgisi, J. M. Barrie,ENGİN YAYINEVİ," 144,30"
Mi cuaderno de español – İspanyolca Defteri, Mehmet Hengirmen,NÜANS YAYINEVİ," 102,00"
Moby Dick / Nivel 2 (İspanyolca Hikaye), Kolektif ,KAPADOKYA KİTABEVİ," 18,00"
Yeni Türkçenin Kapıları 2, Herman Melville,DELTA KÜLTÜR YAYINEVİ," 163,77"
Rik'a Yazı Defteri, Yusuf Polat,KİTAP DÜNYASI," 40,00"
İngilizce Tıbbi Terimler & Medical Terms and Words, Zafer Ulusoy,ARMADA," 17,60"
Almanca Pratik Alıştırmalar, Şinasi Bademcioğlu,FONO YAYINLARI," 125,06"
Kurgusal Kartlar, George Eliot,ALFA YAYINLARI," 214,50"
The Mill on the Floss (CD'li) / Stage 6, Sinan Bayraktaroglu,ENGİN YAYINEVİ," 35,10"
En Çok Kullanılan İlk 1000 Sözcük ile İngilizce Sözcük Öğreten Bulmacalar,Prof. Dr. Dursun Zengin,FONO YAYINLARI," 152,10"
Yabancı Dil Öğrenmeyi Öğretme ve Öğrenmeyi Öğrenme, İlyas Karslı,İNKILAP KİTABEVİ," 116,06"
Almanca Dilbilgisi, Kolektif ,ENGİN YAYINEVİ," 152,10"
Arapça Fiiller Sözlüğü, Sharon Hurst,ENSAR NEŞRİYAT," 114,40"
Pratik Rusça Konuşma Kılavuzu, Muhammed Sabır el-Haznevi ,BEŞİR KİTABEVİ," 46,58"
Arapça Seçme Hikayeler ve Masallar 2 & Türkçe Çevirisiyle, Deniz Gündüz,ENSAR NEŞRİYAT," 53,63"
Türkçe Açıklamalı Kürtçe Kırmancca / Zazaca Dil Dersleri, Ahmet Okur,VATE YAYINLARI," 122,53"
Pratik Konuşma ve Alıştırmalı Arapça Akıllı Defter, N. B. Karavanova,ENSAR NEŞRİYAT," 57,20"
Matryoshka A1 Rusça Ders Kitabı, Kolektif ,NÜANS YAYINEVİ," 229,51"
Kitabu'l-Kıraat 5,Doç.Dr. Nazife Burcu Takıl,M.Ü. İLAHİYAT FAKÜLTESİ VAKFI YAYINLARI," 128,70"
Noktalama İmla Oyunu, Nuriye Bilik,MARTI ÇOCUK YAYINLARI," 164,37"
Urdu Dili Konuşma Kılavuzu,Öğr. Gör. Nuray Özenç,LİTERATÜRK ACADEMİA," 104,65"
Fransızca Pratik Alıştırmalar, Ebu'l Hasen Ali En-Nedvi ,FONO YAYINLARI," 125,06"
Kolay Arapça Öğrenimi İçin Arapça-Türkçe Hikayeler (Kasasu'n-Nebiyyin) (Ciltli),Prof. Dr. Ali Bulut,RAVZA YAYINLARI," 113,75"
El-Kafi Fi'n-Nahv, Ragb Ramadan Elsayed Abdelwhab ,M.Ü. İLAHİYAT FAKÜLTESİ VAKFI YAYINLARI," 58,50"
Mutlu Aile Arapça Hikayeler Serisi (4 Kitap) (3. Kur), Serdar Şadoğlu,AKDEM YAYINLARI," 80,00"
Arapça Sıfatlar Çarkı, Büşra Gökalp,AKDEM YAYINLARI," 32,00"
The Fisherman and His Wife Stage 2, Leyla Kübra İnce,DORLİON YAYINEVİ," 30,10"
Sınıf Bilinci - Kış, Kolektif ,TİYO YAYINLARI," 54,00"
İngilizce Fiil Zamanları ve Dilbilgisi Tablosu, Hans Christian Andersen,FONO YAYINLARI," 77,74"
Arapça Kompozisyon Çalışma Defteri, İstiklal Marşı Derneği ,AKDEM YAYINLARI," 104,00"
Key for English Gramer Soru Bankası, Kolektif ,TONGUÇ AKADEMİ," 213,01"
Pratik Fransızca Konuşma Kılavuzu,Prof. Dr. Mehmet Ali Şimşek,FONO YAYINLARI," 69,30"
Urdu Dili Grameri, Nuriye Bilik,LİTERATÜRK ACADEMİA," 182,00"
Türkçenin Yabancı Dil Olarak Öğretimi El Kitabı,Öğr. Gör. Nuray Özenç,PEGEM AKADEMİ YAYINCILIK," 190,40"
Hikayelerle Arapça Öğreniyorum 1. Aşama 2. Seviye, Kolektif ,KARMA KİTAPLAR," 125,13"
Queen Cat / Stage 1 (İngilizce Hikaye), Münevvere Kocaer,KAPADOKYA KİTABEVİ," 18,00"
Russky Klass B1 (Rusça Çalışma Kitabı - Orta Seviye) &, Fairy Tales,NÜANS YAYINEVİ," 85,00"
30 Günde Fransızca (Cd Ekli), L. L. Vojmina,FONO YAYINLARI," 249,28"
İngilizce Deyimler 1, I. A. Osipova,FONO YAYINLARI," 125,06"
30 Günde Hollandaca (Cd Ekli), Münevvere Kocaer,FONO YAYINLARI," 249,28"
Hikayelerle Arapça Öğreniyorum 1. Aşama 3. Seviye, Gaston Leroux,KARMA KİTAPLAR," 125,13"
The Phontom Of The Opera / Stage 3 (CD'siz), Ahmet Yüksek,ENGİN YAYINEVİ," 28,86"
30 Günde Almanca / Kitap+2 Cd, Oscar Wilde,FONO YAYINLARI," 249,28"
Ben de Kendi Kendime Arapça Öğreniyorum & Sarf-Nahiv Renkler ve Şemalarla, Fatoş Tüzer,ENSAR NEŞRİYAT," 143,00"
The Nightingale and the Rose Stage 2, Nathaniel Hawthorne,DORLİON YAYINEVİ," 30,10"
Proficiency File, Anonim ,PELİKAN YAYINLARI," 11,41"
The Scarlet Letter (CD'li) / Stage 6 (İngilizce Hikaye), Selim Tiryakiol,ENGİN YAYINEVİ," 35,10"
Ali Baba Y Los Cuarenta Ladrones (Ali Baba Ve Kırk Haramiler) İspanyolca Türkçe Bakışımlı Hikayeler, Ayşe Ak,DORLİON YAYINEVİ," 30,10"
Pedagojik Gramer & Yabancı Dil Olarak Türkçe Öğretimi Tasarımı, Tekin Gültekin,NOBEL BİLİMSEL," 55,25"
Türkçe Eğitimi ve Öğretimi Dil Üretimine Dayalı, Rifat Oymak,UMUTTEPE YAYINLARI-KAMPANYA," 63,00"
Korece İlk Adım 1 (Cd’li), Alper Arslan,FONO YAYINLARI," 256,88"
İngilizler İçin Türkçe Dil Kartları, Kolektif ,DELTA KÜLTÜR YAYINEVİ," 34,40"
Rapid English Grammar & From Basic to Intermediate, Penny Ur ,PELİKAN YAYINLARI," 21,60"
Türkçe Öğrenme ve Öğretim Yaklaşımları, Hasan Akreş,PEGEM AKADEMİ YAYINCILIK," 136,50"
Dil Öğretiminde 100 Temel Strateji & Cambridge Üniversitesi Yabancı Dil Öğretmenleri ve Öğretmen Adayları İçin Kılavuz El Kitapları Serisi, Zeynep Saatçi Akreş,EĞİTİM KİTABEVİ," 75,08"
Rusçada En Çok Kullanılan 3000 Sözcük, Sharon Hurst,FONO YAYINLARI," 158,02"
Okul Hayatımızda Arapça, Seda Yekeler,MEKTEP YAYINLARI," 32,00"
Stories About Food / Stage 1 CD'siz (İngilizce Hikaye), Anonim ,KAPADOKYA KİTABEVİ," 18,00"
YDS ve YÖKDİL ( Reading ve Vocabulary ), Kolektif ,SPESİFİK YAYINLARI," 103,68"
Osmanlı Türkçesi Öğrenim Seti Çözümlü Metinler-3 & Galatasaray / Seviye-Başlangıç, N. B. Karavanova,SAY YAYINLARI," 23,40"
Tablolarla İngilizce Fiil Zamanları Dilbilgisi Özeti (2), Oscar Wilde,FONO YAYINLARI," 77,74"
Matryoshka Set (Матрёшка 0 - A1 +Audio) Rusça Seti, Ramazan Kaygısız,NÜANS YAYINEVİ," 382,51"
The Happy Prince Stage 2, Mustafa Demir,DORLİON YAYINEVİ," 30,10"
Kurdiya Pratik (Pratik Kürtçe), Gürcan Günay,NA YAYINLARI," 32,00"
Pelikan's Grammar Wizard 2 With Key Pre-intermediate to Advanced, Kolektif ,PELİKAN YAYINLARI," 52,65"
Resimlerle Kendi Kendinize İspanyolca, Mehmet Faiz Kabave,FONO YAYINLARI," 152,10"
Easy Learning French Grammar and Practice (2nd Ed), Eman Zara Kabave,NÜANS YAYINEVİ," 378,26"
Hızlı ve Pratik Arapça Konuşma El Kitabı Türkçe-Arapça / Arapça-Türkçe, Usama Mohammed Taher Sahari ,KAPADOKYA KİTABEVİ," 39,00"
Arapçada Yaygın Fiiller Çarkı 2, Kolektif ,AKDEM YAYINLARI," 33,67"
La Historia Vegetal (Nivel 1) (İspanyolca Hikaye), Sharon Hurst,KAPADOKYA KİTABEVİ," 18,00"
Pırıl's First Words, Neslihan Bayram Sacihan,PIRIL ÇOCUK," 64,97"
İspanyolca Deyimler, Osman Dulger,FONO YAYINLARI," 125,06"
Towards Academic Writing, Aylin Koç,LİTERATÜRK ACADEMİA," 159,25"
Türk Dili ve Kitabı, Mesut Şen,KESİT YAYINLARI," 105,63"
Arapça İsim Cümlesini Yeniden Yapılandıran Amiller, Hilal Oytun Altun,ENSAR NEŞRİYAT," 96,00"
Yabancılara Türkçe Öğretimi, Dilek Herkmen,EĞİTİM KİTABEVİ," 110,63"
Matryoshka 0 Rusça Ders Kitabı, Erdal Şahin,NÜANS YAYINEVİ," 195,50"
Arapça Soru Bankası & Arapça Bilgi Yarışmalarında Çıkmış Sorular (2010-2014), Nurgül Yıldız,AKDEM YAYINLARI," 104,00"
Fransızca Günlük Konuşmalar,Prof. Dr. Gülden Sağol Yüksekkaya,FONO YAYINLARI," 125,06"
Easy Learning French Conversation, Arzu Çiftçioğlu Çabuk,COLLINS CLASSIC," 276,26"
New Read Everywhere 1 (Beginner-Intermediate), Göksel Öztürk,DATA YAYINLARI," 115,50"
Kore-Türkçe Sevgiliye Mektup (1-A) Hikaye Kitabı, Yasemin Özdemir Bulut,FONO YAYINLARI," 92,11"
"Yabancı Dil Olarak Türkçe Öğretimi & Politika, Program, Yöntem ve Öğretim", Mehmet Kocakaplan,PEGEM AKADEMİ YAYINCILIK," 101,92"
Easy Learning Complete Spanish, Candemir Doğan,HARPER COLLINS," 514,26"
15 Dakikada İspanyolca (2 Cd+Kitap), Kolektif ,ALFA YAYINLARI," 71,20"
Sınıf Bilinci İkinci Merhale Dördüncü Nüsha, N. B. Karavanova,TİYO YAYINLARI," 64,00"
Dil Kartlarıyla Kolay Yunanca, Kolektif ,DAHİ ADAM," 23,40"
Focus On Grammar Tests, Robert Levy,ANKARA DİL AKADEMİSİ," 164,45"
İngilizce İçin İnternet Rehberi, Arif Sarıçoban,PELİKAN YAYINLARI," 7,29"
Kendi Kendine Hızlı Fransızca 1. Basamak,Uzm. Eyüp Yaşar Kürüm,FONO YAYINLARI," 419,12"
La Piccola Principessa (Küçük Prenses) İtalyanca Türkçe Bakışımlı Hikayeler, Kolektif ,DORLİON YAYINEVİ," 30,10"
Sistematik Sarf & Arapça Dilbilgisi, Metin Gökçe,ENSAR NEŞRİYAT," 107,25"
40 Tiyatro ile Arapça, Mehmet Bilen,AKDEM YAYINLARI," 70,20"
Hızlı ve Pratik Rusça El Kitabı,Prof. Dr. Abdulkerim Ünalan,KAPADOKYA KİTABEVİ," 39,00"
Resimlerle Kendi Kendine Almanca, Kolektif ,FONO YAYINLARI," 152,10"
Anlama Stratejileri: Dijital Etkinlikler ile Dört Temel Dil Becerisi, Ender Erenel,PEGEM AKADEMİ YAYINCILIK," 83,72"
The Bookshop +CD (Nuance Readers Level–2) A1+, Kolektif ,NÜANS YAYINEVİ," 68,00"
Türkçenin Uzaktan Öğretimi ve Öğrenimi, Denise Kirby,PEGEM AKADEMİ YAYINCILIK," 149,24"
Artuklu Kolay Arapça 1, Kolektif ,KİTAP DÜNYASI," 46,80"
Anadili Arapça Olanlara Türkçe Öğretimi, Tahirhan Aydın,PEGEM AKADEMİ YAYINCILIK," 112,84"
Arabian Nights CD’li / Stage 2 (İngilizce Hikaye), Ahmet Abdulhadioğlu,ENGİN YAYINEVİ," 35,10"
İngilizcede En Çok Kullanılan İlk 1000 Sözcük (Kart), Kerim Faruk el-Kholi ,FONO YAYINLARI," 315,19"
Az Acılı ve Kalıcı İngilizce & Yabancı Dil Öğrenimi İçin Püf Noktaları,Dr. Hüseyin Polat,ASMAALTI YAYINEVİ," 109,20"
Focus On Cloze Test, Richard Francis  Sir Burton,ANKARA DİL AKADEMİSİ," 160,88"
Arapça Yazı Defteri (112 Sayfa), Savaş Şenel,KİTAP DÜNYASI," 58,50"
El-İ'rab El-Mubassat Kolaylaştırılmış İ'rab Öğretimi, Tijen Tan,YENİ ZAMANLAR DAĞITIM," 52,00"
Herkes İçin Şimdi Arapça Zamanı, Ümit Işıklı,ZİNDE REKLAM YAYINCILIK," 263,51"
Türkçenin Yabancı Dil Olarak Öğretimi, Abdurrahim Elveren,AKDEM YAYINLARI," 46,80"
Sinbad the Sailor / Stage 3 (İngilizce Hikaye), Anonim ,KAPADOKYA KİTABEVİ," 18,00"
The Man Who Never Laughed / Stage 1 (İngilizce Hikaye ), Kolektif ,KAPADOKYA KİTABEVİ," 18,00"
Türklere Karşı Haçlı Seferleri (2-H-20), Raşid Erer,YENİ ZAMANLAR SAHAF (2. El Kitaplar)," 149,24"
Anadili Edinimi, Barbara Lust,PEGEM AKADEMİ YAYINCILIK," 227,50"
Kotodama İstanbul Kokorozashi 3 / Türkçe-Japonca, Esin Esen,EFE AKADEMİ YAYINLARI," 39,00"
Arapçayı Öğrencıyı İçin Kolay İmla, Zeynep Say,AKDEM YAYINLARI," 92,11"
Maymunlar Ülkesi (Derece 1), Nura Yamaç,FONO YAYINLARI," 54,60"
Yabancı Dil Olarak Türkçe Öğretiminde Akademik Sözcükler, Burak Tüfekçioğlu,PEGEM AKADEMİ YAYINCILIK," 314,51"
HSK Coursebook 1, Wan Xun,SINOLINGUA," 60,78"
Türkçe-Arapça / Arapça-Türkçe Cep Lügatı,Prof. Dr. Erol Ayyıldız,ENSAR NEŞRİYAT," 64,00"
Sınıf Bilinci İkinci Merhale İkinci Nüsha, İstiklal Marşı Derneği ,TİYO YAYINLARI," 15,20"
İngilizce Hayvanlarla İlgili Terimler & Animal Terms and Words, Charles Napier,ARMADA," 26,40"
A Bridge To English Elementary, Greg Sikorski,ALFA YAYINLARI," 114,40"
Kitabu’l-İstima 1, Kolektif ,M.Ü. İLAHİYAT FAKÜLTESİ VAKFI YAYINLARI," 28,86"
Arabian Nights / Stage 2, Richard Francis  Sir Burton,ENGİN YAYINEVİ," 475,54"
Solo Español 3 (A2.1) Libro Del Alumno Y De Ejercicios +Audio Descargable, Maria Teresa Ferrero Gil ,NÜANS YAYINEVİ," 28,86"
The Scarlet Letter / Stage 6, Nathaniel Hawthorne,ENGİN YAYINEVİ," 64,00"
Nahiv (Kafiye - İzhar - Avamil), Mehmet Hengirmen,FAZİLET NEŞRİYAT," 98,30"
Almanlar İçin 30 Derste Türkçe, Gail E. Tompkins,ENGİN YAYINEVİ," 64,00"
Dil Sanatlarının Temelleri, Anonim ,PEGEM AKADEMİ YAYINCILIK," 141,96"
The Little Master Misery / Stage 4, Kolektif ,DORLİON YAYINEVİ," 30,10"
Collins Gem French Verbs,Öğr. Gör. Yasir el-Hatib ,NÜANS YAYINEVİ," 174,25"
Kitabu't-Tabir 1, Asaf Halet Çelebi,M.Ü. İLAHİYAT FAKÜLTESİ VAKFI YAYINLARI," 92,95"
Buddha(5-1-7), Lewis Carroll,YENİ ZAMANLAR SAHAF (2. El Kitaplar)," 209,99"
Alicia En El Pais De Las Maravillas (Nivel 2),Yard. Doç. Dr. Abdülkadir Çakır,KAPADOKYA KİTABEVİ," 18,00"
Little Red Riding Hood (Cd Ekli), Mzia Gurgenidze,ENGİN YAYINEVİ," 32,76"
English Grammar Temel İngilizce Dilbilgisi, Muhammed Basil Sweyd,LİTERATÜRK ACADEMİA," 204,75"
Türkçe-Gürcüce Konuşma Kitabı (1-I-16), Kolektif ,YENİ ZAMANLAR SAHAF (2. El Kitaplar)," 55,55"
Et-Tarik İla'l-Arabiyye 2, Claire Craig,MEKTEP YAYINLARI," 80,00"
Miracle Flashcards Charts Body Parts (30 Cards), Jane Austen,MK PUBLİCATİONS," 64,00"
The Fast Lane + CD (Nuance Readers Level-1), Kolektif ,NÜANS YAYINEVİ," 63,75"
Persuasion / Stage 1 (Cd'li), Sam Bowring,KAPADOKYA KİTABEVİ," 18,00"
The Serpent Queen / Stage 1 (İngilizce Hikaye ), Kadir Erbil,KAPADOKYA KİTABEVİ," 18,00"
Kayıp Elmas (Derece 3),Öğr. Gör. Ammar Hani Sebinati,FONO YAYINLARI," 92,11"
Balonla Seyahat (Derece 2), Kolektif ,FONO YAYINLARI," 77,94"
Küçük Polisler (Derece 2), Edward Zrudlo,FONO YAYINLARI," 92,11"
Kitabu’l-İstima 2, Edward Zrudlo,M.Ü. İLAHİYAT FAKÜLTESİ VAKFI YAYINLARI," 112,00"
Miracle Flashcards Charts Colours Numbers Shapes (30 Cards), Arielle Bitton,MK PUBLİCATİONS," 60,00"
I’m Not Lost (PYP Readers 2), Jeremy Harmer,E-FUTURE," 177,32"
Tree Hill (PYP Readers 1), Kolektif ,E-FUTURE," 177,32"
Gramatica escolar A1-A2 +Audio descargable, Pauline O’Carolan ,ENCLAVE-ELE," 712,69"
Arapça'nın Temel Kuralları Nahiv, Halil İbrahim Kaçar,KİTAP DÜNYASI," 70,20"
Just Listening & Speaking Intermediate +CD,Prof. Dr. Ali Bulut,MARSHALL CAVENDİSH," 35,70"
Miracle Flashcards Charts Jobs (45 Cards),Yard. Doç. Dr. Yılmaz Özdemir,MK PUBLİCATİONS," 72,00"
Kötü Bir Rüya (Derece 2), Oscar Wilde,FONO YAYINLARI," 92,11"
Yedi Oyun (Derece 2), Muhlise Coşkun Ögeyik,FONO YAYINLARI," 92,11"
New Let’s Cope with Listening, Deniz Göktepe Salttürk,SİYASAL KİTABEVİ," 54,60"
Miracle Flashcards Charts Opposites (30 Card), Kolektif ,MK PUBLİCATİONS," 60,00"
Arapça Kelime Kartları (7. Sınıf), Rahşan Tek,DAMLA YAYINEVİ," 39,49"
Subject Link Starter L3 with Workbook + MultiROM, Shawn Despres,BUILD & GROW," 491,04"
Silvershod / Stage 3 (İngilizce Hikaye), Kolektif ,KAPADOKYA KİTABEVİ," 18,00"
15 Dakikada Japonca / Cd Ekli,Doç. Dr. Berna Ürün Karahan,ALFA YAYINLARI," 95,20"
Türkçe Öğretimi 2,Öğr. Gör. Yasir el-Hatib ,KRİTER BASIM YAYIN DAĞITIM," 102,96"
Mavi Kuş (Derece 1), Sue Murray,FONO YAYINLARI," 92,11"
Kitabu't-Tabir 2, Thomas Hardy,M.Ü. İLAHİYAT FAKÜLTESİ VAKFI YAYINLARI," 114,40"
The Show Must Go On + CD (Nuance Readers Level-2), Kolektif ,NÜANS YAYINEVİ," 68,00"
The Return of the Native / Stage 5, Charles Perrault,ENGİN YAYINEVİ," 28,86"
